territory_code,territory_name,territory_level,territory_level_order,parent_territory_code,parent_territory_name,country_code,country_name,macro_region_code,macro_region_name,statistical_region_code,statistical_region_name,administrative_district_code,administrative_district_name,local_unit_type,city_group_code,city_group_name,is_in_raw_municipality_file,note
70017,Aleksandrovac,local_unit,5,RS216,Rasinska oblast,RS,REPUBLIC OF SERBIA,RS2,SRBIJA – JUG,RS21,Region Šumadije i Zapadne Srbije,RS216,Rasinska oblast,municipality,,,True,
70025,Aleksinac,local_unit,5,RS225,Nišavska oblast,RS,REPUBLIC OF SERBIA,RS2,SRBIJA – JUG,RS22,Region Južne i Istočne Srbije,RS225,Nišavska oblast,municipality,,,True,
70033,Aranđelovac,local_unit,5,RS218,Šumadijska oblast,RS,REPUBLIC OF SERBIA,RS2,SRBIJA – JUG,RS21,Region Šumadije i Zapadne Srbije,RS218,Šumadijska oblast,municipality,,,True,
70041,Arilje,local_unit,5,RS211,Zlatiborska oblast,RS,REPUBLIC OF SERBIA,RS2,SRBIJA – JUG,RS21,Region Šumadije i Zapadne Srbije,RS211,Zlatiborska oblast,municipality,,,True,
70050,Babušnica,local_unit,5,RS226,Pirotska oblast,RS,REPUBLIC OF SERBIA,RS2,SRBIJA – JUG,RS22,Region Južne i Istočne Srbije,RS226,Pirotska oblast,municipality,,,True,
70068,Bajina Bašta,local_unit,5,RS211,Zlatiborska oblast,RS,REPUBLIC OF SERBIA,RS2,SRBIJA – JUG,RS21,Region Šumadije i Zapadne Srbije,RS211,Zlatiborska oblast,municipality,,,True,
70076,Batočina,local_unit,5,RS218,Šumadijska oblast,RS,REPUBLIC OF SERBIA,RS2,SRBIJA – JUG,RS21,Region Šumadije i Zapadne Srbije,RS218,Šumadijska oblast,municipality,,,True,
70084,Bela Palanka,local_unit,5,RS226,Pirotska oblast,RS,REPUBLIC OF SERBIA,RS2,SRBIJA – JUG,RS22,Region Južne i Istočne Srbije,RS226,Pirotska oblast,municipality,,,True,
70092,Barajevo,local_unit,5,RS110,Beogradska oblast,RS,REPUBLIC OF SERBIA,RS1,SRBIJA – SEVER,RS11,Beogradski region,RS110,Beogradska oblast,city_municipality,CITY_BELGRADE,Grad Beograd,True,
70106,Voždovac,local_unit,5,RS110,Beogradska oblast,RS,REPUBLIC OF SERBIA,RS1,SRBIJA – SEVER,RS11,Beogradski region,RS110,Beogradska oblast,city_municipality,CITY_BELGRADE,Grad Beograd,True,
70114,Vračar,local_unit,5,RS110,Beogradska oblast,RS,REPUBLIC OF SERBIA,RS1,SRBIJA – SEVER,RS11,Beogradski region,RS110,Beogradska oblast,city_municipality,CITY_BELGRADE,Grad Beograd,True,
70122,Grocka,local_unit,5,RS110,Beogradska oblast,RS,REPUBLIC OF SERBIA,RS1,SRBIJA – SEVER,RS11,Beogradski region,RS110,Beogradska oblast,city_municipality,CITY_BELGRADE,Grad Beograd,True,
70149,Zvezdara,local_unit,5,RS110,Beogradska oblast,RS,REPUBLIC OF SERBIA,RS1,SRBIJA – SEVER,RS11,Beogradski region,RS110,Beogradska oblast,city_municipality,CITY_BELGRADE,Grad Beograd,True,
70157,Zemun,local_unit,5,RS110,Beogradska oblast,RS,REPUBLIC OF SERBIA,RS1,SRBIJA – SEVER,RS11,Beogradski region,RS110,Beogradska oblast,city_municipality,CITY_BELGRADE,Grad Beograd,True,
70165,Lazarevac,local_unit,5,RS110,Beogradska oblast,RS,REPUBLIC OF SERBIA,RS1,SRBIJA – SEVER,RS11,Beogradski region,RS110,Beogradska oblast,city_municipality,CITY_BELGRADE,Grad Beograd,True,
70173,Mladenovac,local_unit,5,RS110,Beogradska oblast,RS,REPUBLIC OF SERBIA,RS1,SRBIJA – SEVER,RS11,Beogradski region,RS110,Beogradska oblast,city_municipality,CITY_BELGRADE,Grad Beograd,True,
70181,Novi Beograd,local_unit,5,RS110,Beogradska oblast,RS,REPUBLIC OF SERBIA,RS1,SRBIJA – SEVER,RS11,Beogradski region,RS110,Beogradska oblast,city_municipality,CITY_BELGRADE,Grad Beograd,True,
70190,Obrenovac,local_unit,5,RS110,Beogradska oblast,RS,REPUBLIC OF SERBIA,RS1,SRBIJA – SEVER,RS11,Beogradski region,RS110,Beogradska oblast,city_municipality,CITY_BELGRADE,Grad Beograd,True,
70203,Palilula (Beograd),local_unit,5,RS110,Beogradska oblast,RS,REPUBLIC OF SERBIA,RS1,SRBIJA – SEVER,RS11,Beogradski region,RS110,Beogradska oblast,city_municipality,CITY_BELGRADE,Grad Beograd,True,
70211,Rakovica,local_unit,5,RS110,Beogradska oblast,RS,REPUBLIC OF SERBIA,RS1,SRBIJA – SEVER,RS11,Beogradski region,RS110,Beogradska oblast,city_municipality,CITY_BELGRADE,Grad Beograd,True,
70220,Savski venac,local_unit,5,RS110,Beogradska oblast,RS,REPUBLIC OF SERBIA,RS1,SRBIJA – SEVER,RS11,Beogradski region,RS110,Beogradska oblast,city_municipality,CITY_BELGRADE,Grad Beograd,True,
70238,Sopot,local_unit,5,RS110,Beogradska oblast,RS,REPUBLIC OF SERBIA,RS1,SRBIJA – SEVER,RS11,Beogradski region,RS110,Beogradska oblast,city_municipality,CITY_BELGRADE,Grad Beograd,True,
70246,Stari grad,local_unit,5,RS110,Beogradska oblast,RS,REPUBLIC OF SERBIA,RS1,SRBIJA – SEVER,RS11,Beogradski region,RS110,Beogradska oblast,city_municipality,CITY_BELGRADE,Grad Beograd,True,
70254,Čukarica,local_unit,5,RS110,Beogradska oblast,RS,REPUBLIC OF SERBIA,RS1,SRBIJA – SEVER,RS11,Beogradski region,RS110,Beogradska oblast,city_municipality,CITY_BELGRADE,Grad Beograd,True,
70262,Blace,local_unit,5,RS229,Toplička oblast,RS,REPUBLIC OF SERBIA,RS2,SRBIJA – JUG,RS22,Region Južne i Istočne Srbije,RS229,Toplička oblast,municipality,,,True,
70289,Bogatić,local_unit,5,RS213,Mačvanska oblast,RS,REPUBLIC OF SERBIA,RS2,SRBIJA – JUG,RS21,Region Šumadije i Zapadne Srbije,RS213,Mačvanska oblast,municipality,,,True,
70297,Bojnik,local_unit,5,RS224,Jablanička oblast,RS,REPUBLIC OF SERBIA,RS2,SRBIJA – JUG,RS22,Region Južne i Istočne Srbije,RS224,Jablanička oblast,municipality,,,True,
70319,Boljevac,local_unit,5,RS223,Zaječarska oblast,RS,REPUBLIC OF SERBIA,RS2,SRBIJA – JUG,RS22,Region Južne i Istočne Srbije,RS223,Zaječarska oblast,municipality,,,True,
70327,Bor,local_unit,5,RS221,Borska oblast,RS,REPUBLIC OF SERBIA,RS2,SRBIJA – JUG,RS22,Region Južne i Istočne Srbije,RS221,Borska oblast,municipality,,,True,
70335,Bosilegrad,local_unit,5,RS228,Pčinjska oblast,RS,REPUBLIC OF SERBIA,RS2,SRBIJA – JUG,RS22,Region Južne i Istočne Srbije,RS228,Pčinjska oblast,municipality,,,True,
70343,Brus,local_unit,5,RS216,Rasinska oblast,RS,REPUBLIC OF SERBIA,RS2,SRBIJA – JUG,RS21,Region Šumadije i Zapadne Srbije,RS216,Rasinska oblast,municipality,,,True,
70351,Bujanovac,local_unit,5,RS228,Pčinjska oblast,RS,REPUBLIC OF SERBIA,RS2,SRBIJA – JUG,RS22,Region Južne i Istočne Srbije,RS228,Pčinjska oblast,municipality,,,True,
70360,Valjevo,local_unit,5,RS212,Kolubarska oblast,RS,REPUBLIC OF SERBIA,RS2,SRBIJA – JUG,RS21,Region Šumadije i Zapadne Srbije,RS212,Kolubarska oblast,municipality,,,True,
70378,Varvarin,local_unit,5,RS216,Rasinska oblast,RS,REPUBLIC OF SERBIA,RS2,SRBIJA – JUG,RS21,Region Šumadije i Zapadne Srbije,RS216,Rasinska oblast,municipality,,,True,
70386,Velika Plana,local_unit,5,RS227,Podunavska oblast,RS,REPUBLIC OF SERBIA,RS2,SRBIJA – JUG,RS22,Region Južne i Istočne Srbije,RS227,Podunavska oblast,municipality,,,True,
70394,Veliko Gradište,local_unit,5,RS222,Braničevska oblast,RS,REPUBLIC OF SERBIA,RS2,SRBIJA – JUG,RS22,Region Južne i Istočne Srbije,RS222,Braničevska oblast,municipality,,,True,
70408,Vladimirci,local_unit,5,RS213,Mačvanska oblast,RS,REPUBLIC OF SERBIA,RS2,SRBIJA – JUG,RS21,Region Šumadije i Zapadne Srbije,RS213,Mačvanska oblast,municipality,,,True,
70416,Vladičin Han,local_unit,5,RS228,Pčinjska oblast,RS,REPUBLIC OF SERBIA,RS2,SRBIJA – JUG,RS22,Region Južne i Istočne Srbije,RS228,Pčinjska oblast,municipality,,,True,
70424,Vlasotince,local_unit,5,RS224,Jablanička oblast,RS,REPUBLIC OF SERBIA,RS2,SRBIJA – JUG,RS22,Region Južne i Istočne Srbije,RS224,Jablanička oblast,municipality,,,True,
70432,Vranje,local_unit,5,RS228,Pčinjska oblast,RS,REPUBLIC OF SERBIA,RS2,SRBIJA – JUG,RS22,Region Južne i Istočne Srbije,RS228,Pčinjska oblast,city_municipality,79057,Grad Vranje,True,
70459,Vrnjačka Banja,local_unit,5,RS217,Raška oblast,RS,REPUBLIC OF SERBIA,RS2,SRBIJA – JUG,RS21,Region Šumadije i Zapadne Srbije,RS217,Raška oblast,municipality,,,True,
70467,Gadžin Han,local_unit,5,RS225,Nišavska oblast,RS,REPUBLIC OF SERBIA,RS2,SRBIJA – JUG,RS22,Region Južne i Istočne Srbije,RS225,Nišavska oblast,municipality,,,True,
70475,Golubac,local_unit,5,RS222,Braničevska oblast,RS,REPUBLIC OF SERBIA,RS2,SRBIJA – JUG,RS22,Region Južne i Istočne Srbije,RS222,Braničevska oblast,municipality,,,True,
70483,Gornji Milanovac,local_unit,5,RS214,Moravička oblast,RS,REPUBLIC OF SERBIA,RS2,SRBIJA – JUG,RS21,Region Šumadije i Zapadne Srbije,RS214,Moravička oblast,municipality,,,True,
70491,Despotovac,local_unit,5,RS215,Pomoravska oblast,RS,REPUBLIC OF SERBIA,RS2,SRBIJA – JUG,RS21,Region Šumadije i Zapadne Srbije,RS215,Pomoravska oblast,municipality,,,True,
70505,Dimitrovgrad,local_unit,5,RS226,Pirotska oblast,RS,REPUBLIC OF SERBIA,RS2,SRBIJA – JUG,RS22,Region Južne i Istočne Srbije,RS226,Pirotska oblast,municipality,,,True,
70513,Doljevac,local_unit,5,RS225,Nišavska oblast,RS,REPUBLIC OF SERBIA,RS2,SRBIJA – JUG,RS22,Region Južne i Istočne Srbije,RS225,Nišavska oblast,municipality,,,True,
70521,Žabari,local_unit,5,RS222,Braničevska oblast,RS,REPUBLIC OF SERBIA,RS2,SRBIJA – JUG,RS22,Region Južne i Istočne Srbije,RS222,Braničevska oblast,municipality,,,True,
70530,Žagubica,local_unit,5,RS222,Braničevska oblast,RS,REPUBLIC OF SERBIA,RS2,SRBIJA – JUG,RS22,Region Južne i Istočne Srbije,RS222,Braničevska oblast,municipality,,,True,
70548,Žitorađa,local_unit,5,RS229,Toplička oblast,RS,REPUBLIC OF SERBIA,RS2,SRBIJA – JUG,RS22,Region Južne i Istočne Srbije,RS229,Toplička oblast,municipality,,,True,
70556,Zaječar,local_unit,5,RS223,Zaječarska oblast,RS,REPUBLIC OF SERBIA,RS2,SRBIJA – JUG,RS22,Region Južne i Istočne Srbije,RS223,Zaječarska oblast,municipality,,,True,
70564,Ivanjica,local_unit,5,RS214,Moravička oblast,RS,REPUBLIC OF SERBIA,RS2,SRBIJA – JUG,RS21,Region Šumadije i Zapadne Srbije,RS214,Moravička oblast,municipality,,,True,
70572,Kladovo,local_unit,5,RS221,Borska oblast,RS,REPUBLIC OF SERBIA,RS2,SRBIJA – JUG,RS22,Region Južne i Istočne Srbije,RS221,Borska oblast,municipality,,,True,
70599,Knić,local_unit,5,RS218,Šumadijska oblast,RS,REPUBLIC OF SERBIA,RS2,SRBIJA – JUG,RS21,Region Šumadije i Zapadne Srbije,RS218,Šumadijska oblast,municipality,,,True,
70602,Knjaževac,local_unit,5,RS223,Zaječarska oblast,RS,REPUBLIC OF SERBIA,RS2,SRBIJA – JUG,RS22,Region Južne i Istočne Srbije,RS223,Zaječarska oblast,municipality,,,True,
70629,Kosjerić,local_unit,5,RS211,Zlatiborska oblast,RS,REPUBLIC OF SERBIA,RS2,SRBIJA – JUG,RS21,Region Šumadije i Zapadne Srbije,RS211,Zlatiborska oblast,municipality,,,True,
70637,Koceljeva,local_unit,5,RS213,Mačvanska oblast,RS,REPUBLIC OF SERBIA,RS2,SRBIJA – JUG,RS21,Region Šumadije i Zapadne Srbije,RS213,Mačvanska oblast,municipality,,,True,
70645,Kragujevac,local_unit,5,RS218,Šumadijska oblast,RS,REPUBLIC OF SERBIA,RS2,SRBIJA – JUG,RS21,Region Šumadije i Zapadne Srbije,RS218,Šumadijska oblast,municipality,,,True,
70653,Kraljevo,local_unit,5,RS217,Raška oblast,RS,REPUBLIC OF SERBIA,RS2,SRBIJA – JUG,RS21,Region Šumadije i Zapadne Srbije,RS217,Raška oblast,municipality,,,True,
70661,Krupanj,local_unit,5,RS213,Mačvanska oblast,RS,REPUBLIC OF SERBIA,RS2,SRBIJA – JUG,RS21,Region Šumadije i Zapadne Srbije,RS213,Mačvanska oblast,municipality,,,True,
70670,Kruševac,local_unit,5,RS216,Rasinska oblast,RS,REPUBLIC OF SERBIA,RS2,SRBIJA – JUG,RS21,Region Šumadije i Zapadne Srbije,RS216,Rasinska oblast,municipality,,,True,
70688,Kuršumlija,local_unit,5,RS229,Toplička oblast,RS,REPUBLIC OF SERBIA,RS2,SRBIJA – JUG,RS22,Region Južne i Istočne Srbije,RS229,Toplička oblast,municipality,,,True,
70696,Kučevo,local_unit,5,RS222,Braničevska oblast,RS,REPUBLIC OF SERBIA,RS2,SRBIJA – JUG,RS22,Region Južne i Istočne Srbije,RS222,Braničevska oblast,municipality,,,True,
70700,Lajkovac,local_unit,5,RS212,Kolubarska oblast,RS,REPUBLIC OF SERBIA,RS2,SRBIJA – JUG,RS21,Region Šumadije i Zapadne Srbije,RS212,Kolubarska oblast,municipality,,,True,
70718,Lebane,local_unit,5,RS224,Jablanička oblast,RS,REPUBLIC OF SERBIA,RS2,SRBIJA – JUG,RS22,Region Južne i Istočne Srbije,RS224,Jablanička oblast,municipality,,,True,
70726,Leskovac,local_unit,5,RS224,Jablanička oblast,RS,REPUBLIC OF SERBIA,RS2,SRBIJA – JUG,RS22,Region Južne i Istočne Srbije,RS224,Jablanička oblast,municipality,,,True,
70734,Loznica,local_unit,5,RS213,Mačvanska oblast,RS,REPUBLIC OF SERBIA,RS2,SRBIJA – JUG,RS21,Region Šumadije i Zapadne Srbije,RS213,Mačvanska oblast,municipality,,,True,
70742,Lučani,local_unit,5,RS214,Moravička oblast,RS,REPUBLIC OF SERBIA,RS2,SRBIJA – JUG,RS21,Region Šumadije i Zapadne Srbije,RS214,Moravička oblast,municipality,,,True,
70769,Ljig,local_unit,5,RS212,Kolubarska oblast,RS,REPUBLIC OF SERBIA,RS2,SRBIJA – JUG,RS21,Region Šumadije i Zapadne Srbije,RS212,Kolubarska oblast,municipality,,,True,
70777,Ljubovija,local_unit,5,RS213,Mačvanska oblast,RS,REPUBLIC OF SERBIA,RS2,SRBIJA – JUG,RS21,Region Šumadije i Zapadne Srbije,RS213,Mačvanska oblast,municipality,,,True,
70785,Majdanpek,local_unit,5,RS221,Borska oblast,RS,REPUBLIC OF SERBIA,RS2,SRBIJA – JUG,RS22,Region Južne i Istočne Srbije,RS221,Borska oblast,municipality,,,True,
70793,Mali Zvornik,local_unit,5,RS213,Mačvanska oblast,RS,REPUBLIC OF SERBIA,RS2,SRBIJA – JUG,RS21,Region Šumadije i Zapadne Srbije,RS213,Mačvanska oblast,municipality,,,True,
70807,Malo Crniće,local_unit,5,RS222,Braničevska oblast,RS,REPUBLIC OF SERBIA,RS2,SRBIJA – JUG,RS22,Region Južne i Istočne Srbije,RS222,Braničevska oblast,municipality,,,True,
70815,Medveđa,local_unit,5,RS224,Jablanička oblast,RS,REPUBLIC OF SERBIA,RS2,SRBIJA – JUG,RS22,Region Južne i Istočne Srbije,RS224,Jablanička oblast,municipality,,,True,
70823,Merošina,local_unit,5,RS225,Nišavska oblast,RS,REPUBLIC OF SERBIA,RS2,SRBIJA – JUG,RS22,Region Južne i Istočne Srbije,RS225,Nišavska oblast,municipality,,,True,
70831,Mionica,local_unit,5,RS212,Kolubarska oblast,RS,REPUBLIC OF SERBIA,RS2,SRBIJA – JUG,RS21,Region Šumadije i Zapadne Srbije,RS212,Kolubarska oblast,municipality,,,True,
70840,Negotin,local_unit,5,RS221,Borska oblast,RS,REPUBLIC OF SERBIA,RS2,SRBIJA – JUG,RS22,Region Južne i Istočne Srbije,RS221,Borska oblast,municipality,,,True,
70866,Nova Varoš,local_unit,5,RS211,Zlatiborska oblast,RS,REPUBLIC OF SERBIA,RS2,SRBIJA – JUG,RS21,Region Šumadije i Zapadne Srbije,RS211,Zlatiborska oblast,municipality,,,True,
70874,Novi Pazar,local_unit,5,RS217,Raška oblast,RS,REPUBLIC OF SERBIA,RS2,SRBIJA – JUG,RS21,Region Šumadije i Zapadne Srbije,RS217,Raška oblast,municipality,,,True,
70882,Osečina,local_unit,5,RS212,Kolubarska oblast,RS,REPUBLIC OF SERBIA,RS2,SRBIJA – JUG,RS21,Region Šumadije i Zapadne Srbije,RS212,Kolubarska oblast,municipality,,,True,
70904,Paraćin,local_unit,5,RS215,Pomoravska oblast,RS,REPUBLIC OF SERBIA,RS2,SRBIJA – JUG,RS21,Region Šumadije i Zapadne Srbije,RS215,Pomoravska oblast,municipality,,,True,
70912,Petrovac na Mlavi,local_unit,5,RS222,Braničevska oblast,RS,REPUBLIC OF SERBIA,RS2,SRBIJA – JUG,RS22,Region Južne i Istočne Srbije,RS222,Braničevska oblast,municipality,,,True,
70939,Pirot,local_unit,5,RS226,Pirotska oblast,RS,REPUBLIC OF SERBIA,RS2,SRBIJA – JUG,RS22,Region Južne i Istočne Srbije,RS226,Pirotska oblast,municipality,,,True,
70947,Požarevac,local_unit,5,RS222,Braničevska oblast,RS,REPUBLIC OF SERBIA,RS2,SRBIJA – JUG,RS22,Region Južne i Istočne Srbije,RS222,Braničevska oblast,city_municipality,79049,Grad Požarevac,True,
70955,Požega,local_unit,5,RS211,Zlatiborska oblast,RS,REPUBLIC OF SERBIA,RS2,SRBIJA – JUG,RS21,Region Šumadije i Zapadne Srbije,RS211,Zlatiborska oblast,municipality,,,True,
70963,Preševo,local_unit,5,RS228,Pčinjska oblast,RS,REPUBLIC OF SERBIA,RS2,SRBIJA – JUG,RS22,Region Južne i Istočne Srbije,RS228,Pčinjska oblast,municipality,,,True,
70971,Priboj,local_unit,5,RS211,Zlatiborska oblast,RS,REPUBLIC OF SERBIA,RS2,SRBIJA – JUG,RS21,Region Šumadije i Zapadne Srbije,RS211,Zlatiborska oblast,municipality,,,True,
70980,Prijepolje,local_unit,5,RS211,Zlatiborska oblast,RS,REPUBLIC OF SERBIA,RS2,SRBIJA – JUG,RS21,Region Šumadije i Zapadne Srbije,RS211,Zlatiborska oblast,municipality,,,True,
70998,Prokuplje,local_unit,5,RS229,Toplička oblast,RS,REPUBLIC OF SERBIA,RS2,SRBIJA – JUG,RS22,Region Južne i Istočne Srbije,RS229,Toplička oblast,municipality,,,True,
71005,Ražanj,local_unit,5,RS225,Nišavska oblast,RS,REPUBLIC OF SERBIA,RS2,SRBIJA – JUG,RS22,Region Južne i Istočne Srbije,RS225,Nišavska oblast,municipality,,,True,
71013,Rača,local_unit,5,RS218,Šumadijska oblast,RS,REPUBLIC OF SERBIA,RS2,SRBIJA – JUG,RS21,Region Šumadije i Zapadne Srbije,RS218,Šumadijska oblast,municipality,,,True,
71021,Raška,local_unit,5,RS217,Raška oblast,RS,REPUBLIC OF SERBIA,RS2,SRBIJA – JUG,RS21,Region Šumadije i Zapadne Srbije,RS217,Raška oblast,municipality,,,True,
71030,Rekovac,local_unit,5,RS215,Pomoravska oblast,RS,REPUBLIC OF SERBIA,RS2,SRBIJA – JUG,RS21,Region Šumadije i Zapadne Srbije,RS215,Pomoravska oblast,municipality,,,True,
71048,Jagodina,local_unit,5,RS215,Pomoravska oblast,RS,REPUBLIC OF SERBIA,RS2,SRBIJA – JUG,RS21,Region Šumadije i Zapadne Srbije,RS215,Pomoravska oblast,municipality,,,True,
71056,Svilajnac,local_unit,5,RS215,Pomoravska oblast,RS,REPUBLIC OF SERBIA,RS2,SRBIJA – JUG,RS21,Region Šumadije i Zapadne Srbije,RS215,Pomoravska oblast,municipality,,,True,
71064,Svrljig,local_unit,5,RS225,Nišavska oblast,RS,REPUBLIC OF SERBIA,RS2,SRBIJA – JUG,RS22,Region Južne i Istočne Srbije,RS225,Nišavska oblast,municipality,,,True,
71072,Sjenica,local_unit,5,RS211,Zlatiborska oblast,RS,REPUBLIC OF SERBIA,RS2,SRBIJA – JUG,RS21,Region Šumadije i Zapadne Srbije,RS211,Zlatiborska oblast,municipality,,,True,
71099,Smederevo,local_unit,5,RS227,Podunavska oblast,RS,REPUBLIC OF SERBIA,RS2,SRBIJA – JUG,RS22,Region Južne i Istočne Srbije,RS227,Podunavska oblast,municipality,,,True,
71102,Smederevska Palanka,local_unit,5,RS227,Podunavska oblast,RS,REPUBLIC OF SERBIA,RS2,SRBIJA – JUG,RS22,Region Južne i Istočne Srbije,RS227,Podunavska oblast,municipality,,,True,
71129,Sokobanja,local_unit,5,RS223,Zaječarska oblast,RS,REPUBLIC OF SERBIA,RS2,SRBIJA – JUG,RS22,Region Južne i Istočne Srbije,RS223,Zaječarska oblast,municipality,,,True,
71137,Surdulica,local_unit,5,RS228,Pčinjska oblast,RS,REPUBLIC OF SERBIA,RS2,SRBIJA – JUG,RS22,Region Južne i Istočne Srbije,RS228,Pčinjska oblast,municipality,,,True,
71145,Užice,local_unit,5,RS211,Zlatiborska oblast,RS,REPUBLIC OF SERBIA,RS2,SRBIJA – JUG,RS21,Region Šumadije i Zapadne Srbije,RS211,Zlatiborska oblast,city_municipality,79065,Grad Užice,True,
71153,Topola,local_unit,5,RS218,Šumadijska oblast,RS,REPUBLIC OF SERBIA,RS2,SRBIJA – JUG,RS21,Region Šumadije i Zapadne Srbije,RS218,Šumadijska oblast,municipality,,,True,
71161,Trgovište,local_unit,5,RS228,Pčinjska oblast,RS,REPUBLIC OF SERBIA,RS2,SRBIJA – JUG,RS22,Region Južne i Istočne Srbije,RS228,Pčinjska oblast,municipality,,,True,
71170,Trstenik,local_unit,5,RS216,Rasinska oblast,RS,REPUBLIC OF SERBIA,RS2,SRBIJA – JUG,RS21,Region Šumadije i Zapadne Srbije,RS216,Rasinska oblast,municipality,,,True,
71188,Tutin,local_unit,5,RS217,Raška oblast,RS,REPUBLIC OF SERBIA,RS2,SRBIJA – JUG,RS21,Region Šumadije i Zapadne Srbije,RS217,Raška oblast,municipality,,,True,
71196,Ćićevac,local_unit,5,RS216,Rasinska oblast,RS,REPUBLIC OF SERBIA,RS2,SRBIJA – JUG,RS21,Region Šumadije i Zapadne Srbije,RS216,Rasinska oblast,municipality,,,True,
71200,Ćuprija,local_unit,5,RS215,Pomoravska oblast,RS,REPUBLIC OF SERBIA,RS2,SRBIJA – JUG,RS21,Region Šumadije i Zapadne Srbije,RS215,Pomoravska oblast,municipality,,,True,
71218,Ub,local_unit,5,RS212,Kolubarska oblast,RS,REPUBLIC OF SERBIA,RS2,SRBIJA – JUG,RS21,Region Šumadije i Zapadne Srbije,RS212,Kolubarska oblast,municipality,,,True,
71226,Crna Trava,local_unit,5,RS224,Jablanička oblast,RS,REPUBLIC OF SERBIA,RS2,SRBIJA – JUG,RS22,Region Južne i Istočne Srbije,RS224,Jablanička oblast,municipality,,,True,
71234,Čajetina,local_unit,5,RS211,Zlatiborska oblast,RS,REPUBLIC OF SERBIA,RS2,SRBIJA – JUG,RS21,Region Šumadije i Zapadne Srbije,RS211,Zlatiborska oblast,municipality,,,True,
71242,Čačak,local_unit,5,RS214,Moravička oblast,RS,REPUBLIC OF SERBIA,RS2,SRBIJA – JUG,RS21,Region Šumadije i Zapadne Srbije,RS214,Moravička oblast,municipality,,,True,
71269,Šabac,local_unit,5,RS213,Mačvanska oblast,RS,REPUBLIC OF SERBIA,RS2,SRBIJA – JUG,RS21,Region Šumadije i Zapadne Srbije,RS213,Mačvanska oblast,municipality,,,True,
71277,Lapovo,local_unit,5,RS218,Šumadijska oblast,RS,REPUBLIC OF SERBIA,RS2,SRBIJA – JUG,RS21,Region Šumadije i Zapadne Srbije,RS218,Šumadijska oblast,municipality,,,True,
71285,Niška Banja,local_unit,5,RS225,Nišavska oblast,RS,REPUBLIC OF SERBIA,RS2,SRBIJA – JUG,RS22,Region Južne i Istočne Srbije,RS225,Nišavska oblast,city_municipality,79022,Grad Niš,True,
71293,Surčin,local_unit,5,RS110,Beogradska oblast,RS,REPUBLIC OF SERBIA,RS1,SRBIJA – SEVER,RS11,Beogradski region,RS110,Beogradska oblast,city_municipality,CITY_BELGRADE,Grad Beograd,True,
71307,Pantelej,local_unit,5,RS225,Nišavska oblast,RS,REPUBLIC OF SERBIA,RS2,SRBIJA – JUG,RS22,Region Južne i Istočne Srbije,RS225,Nišavska oblast,city_municipality,79022,Grad Niš,True,
71315,Crveni Krst,local_unit,5,RS225,Nišavska oblast,RS,REPUBLIC OF SERBIA,RS2,SRBIJA – JUG,RS22,Region Južne i Istočne Srbije,RS225,Nišavska oblast,city_municipality,79022,Grad Niš,True,
71323,Palilula (Niš),local_unit,5,RS225,Nišavska oblast,RS,REPUBLIC OF SERBIA,RS2,SRBIJA – JUG,RS22,Region Južne i Istočne Srbije,RS225,Nišavska oblast,city_municipality,79022,Grad Niš,True,
71331,Medijana,local_unit,5,RS225,Nišavska oblast,RS,REPUBLIC OF SERBIA,RS2,SRBIJA – JUG,RS22,Region Južne i Istočne Srbije,RS225,Nišavska oblast,city_municipality,79022,Grad Niš,True,
71340,Kostolac,local_unit,5,RS222,Braničevska oblast,RS,REPUBLIC OF SERBIA,RS2,SRBIJA – JUG,RS22,Region Južne i Istočne Srbije,RS222,Braničevska oblast,city_municipality,79049,Grad Požarevac,True,
71358,Vranjska Banja,local_unit,5,RS228,Pčinjska oblast,RS,REPUBLIC OF SERBIA,RS2,SRBIJA – JUG,RS22,Region Južne i Istočne Srbije,RS228,Pčinjska oblast,city_municipality,79057,Grad Vranje,True,
71366,Sevojno,local_unit,5,RS211,Zlatiborska oblast,RS,REPUBLIC OF SERBIA,RS2,SRBIJA – JUG,RS21,Region Šumadije i Zapadne Srbije,RS211,Zlatiborska oblast,city_municipality,79065,Grad Užice,True,
79022,Grad Niš,local_unit,5,RS225,Nišavska oblast,RS,REPUBLIC OF SERBIA,RS2,SRBIJA – JUG,RS22,Region Južne i Istočne Srbije,RS225,Nišavska oblast,city,79022,Grad Niš,True,
79049,Grad Požarevac,local_unit,5,RS222,Braničevska oblast,RS,REPUBLIC OF SERBIA,RS2,SRBIJA – JUG,RS22,Region Južne i Istočne Srbije,RS222,Braničevska oblast,city,79049,Grad Požarevac,True,
79057,Grad Vranje,local_unit,5,RS228,Pčinjska oblast,RS,REPUBLIC OF SERBIA,RS2,SRBIJA – JUG,RS22,Region Južne i Istočne Srbije,RS228,Pčinjska oblast,city,79057,Grad Vranje,True,
79065,Grad Užice,local_unit,5,RS211,Zlatiborska oblast,RS,REPUBLIC OF SERBIA,RS2,SRBIJA – JUG,RS21,Region Šumadije i Zapadne Srbije,RS211,Zlatiborska oblast,city,79065,Grad Užice,True,
80012,Ada,local_unit,5,RS124,Severnobanatska oblast,RS,REPUBLIC OF SERBIA,RS1,SRBIJA – SEVER,RS12,Region Vojvodine,RS124,Severnobanatska oblast,municipality,,,True,
80039,Alibunar,local_unit,5,RS122,Južnobanatska oblast,RS,REPUBLIC OF SERBIA,RS1,SRBIJA – SEVER,RS12,Region Vojvodine,RS122,Južnobanatska oblast,municipality,,,True,
80047,Apatin,local_unit,5,RS121,Zapadnobačka oblast,RS,REPUBLIC OF SERBIA,RS1,SRBIJA – SEVER,RS12,Region Vojvodine,RS121,Zapadnobačka oblast,municipality,,,True,
80055,Bač,local_unit,5,RS123,Južnobačka oblast,RS,REPUBLIC OF SERBIA,RS1,SRBIJA – SEVER,RS12,Region Vojvodine,RS123,Južnobačka oblast,municipality,,,True,
80063,Bačka Palanka,local_unit,5,RS123,Južnobačka oblast,RS,REPUBLIC OF SERBIA,RS1,SRBIJA – SEVER,RS12,Region Vojvodine,RS123,Južnobačka oblast,municipality,,,True,
80071,Bačka Topola,local_unit,5,RS125,Severnobačka oblast,RS,REPUBLIC OF SERBIA,RS1,SRBIJA – SEVER,RS12,Region Vojvodine,RS125,Severnobačka oblast,municipality,,,True,
80080,Bački Petrovac,local_unit,5,RS123,Južnobačka oblast,RS,REPUBLIC OF SERBIA,RS1,SRBIJA – SEVER,RS12,Region Vojvodine,RS123,Južnobačka oblast,municipality,,,True,
80098,Bela Crkva,local_unit,5,RS122,Južnobanatska oblast,RS,REPUBLIC OF SERBIA,RS1,SRBIJA – SEVER,RS12,Region Vojvodine,RS122,Južnobanatska oblast,municipality,,,True,
80101,Beočin,local_unit,5,RS123,Južnobačka oblast,RS,REPUBLIC OF SERBIA,RS1,SRBIJA – SEVER,RS12,Region Vojvodine,RS123,Južnobačka oblast,municipality,,,True,
80110,Bečej,local_unit,5,RS123,Južnobačka oblast,RS,REPUBLIC OF SERBIA,RS1,SRBIJA – SEVER,RS12,Region Vojvodine,RS123,Južnobačka oblast,municipality,,,True,
80128,Vršac,local_unit,5,RS122,Južnobanatska oblast,RS,REPUBLIC OF SERBIA,RS1,SRBIJA – SEVER,RS12,Region Vojvodine,RS122,Južnobanatska oblast,municipality,,,True,
80136,Žabalj,local_unit,5,RS123,Južnobačka oblast,RS,REPUBLIC OF SERBIA,RS1,SRBIJA – SEVER,RS12,Region Vojvodine,RS123,Južnobačka oblast,municipality,,,True,
80144,Žitište,local_unit,5,RS126,Srednjobanatska oblast,RS,REPUBLIC OF SERBIA,RS1,SRBIJA – SEVER,RS12,Region Vojvodine,RS126,Srednjobanatska oblast,municipality,,,True,
80152,Zrenjanin,local_unit,5,RS126,Srednjobanatska oblast,RS,REPUBLIC OF SERBIA,RS1,SRBIJA – SEVER,RS12,Region Vojvodine,RS126,Srednjobanatska oblast,municipality,,,True,
80179,Inđija,local_unit,5,RS127,Sremska oblast,RS,REPUBLIC OF SERBIA,RS1,SRBIJA – SEVER,RS12,Region Vojvodine,RS127,Sremska oblast,municipality,,,True,
80187,Irig,local_unit,5,RS127,Sremska oblast,RS,REPUBLIC OF SERBIA,RS1,SRBIJA – SEVER,RS12,Region Vojvodine,RS127,Sremska oblast,municipality,,,True,
80195,Kanjiža,local_unit,5,RS124,Severnobanatska oblast,RS,REPUBLIC OF SERBIA,RS1,SRBIJA – SEVER,RS12,Region Vojvodine,RS124,Severnobanatska oblast,municipality,,,True,
80209,Kikinda,local_unit,5,RS124,Severnobanatska oblast,RS,REPUBLIC OF SERBIA,RS1,SRBIJA – SEVER,RS12,Region Vojvodine,RS124,Severnobanatska oblast,municipality,,,True,
80217,Kovačica,local_unit,5,RS122,Južnobanatska oblast,RS,REPUBLIC OF SERBIA,RS1,SRBIJA – SEVER,RS12,Region Vojvodine,RS122,Južnobanatska oblast,municipality,,,True,
80225,Kovin,local_unit,5,RS122,Južnobanatska oblast,RS,REPUBLIC OF SERBIA,RS1,SRBIJA – SEVER,RS12,Region Vojvodine,RS122,Južnobanatska oblast,municipality,,,True,
80233,Kula,local_unit,5,RS121,Zapadnobačka oblast,RS,REPUBLIC OF SERBIA,RS1,SRBIJA – SEVER,RS12,Region Vojvodine,RS121,Zapadnobačka oblast,municipality,,,True,
80241,Mali Iđoš,local_unit,5,RS125,Severnobačka oblast,RS,REPUBLIC OF SERBIA,RS1,SRBIJA – SEVER,RS12,Region Vojvodine,RS125,Severnobačka oblast,municipality,,,True,
80250,Nova Crnja,local_unit,5,RS126,Srednjobanatska oblast,RS,REPUBLIC OF SERBIA,RS1,SRBIJA – SEVER,RS12,Region Vojvodine,RS126,Srednjobanatska oblast,municipality,,,True,
80268,Novi Bečej,local_unit,5,RS126,Srednjobanatska oblast,RS,REPUBLIC OF SERBIA,RS1,SRBIJA – SEVER,RS12,Region Vojvodine,RS126,Srednjobanatska oblast,municipality,,,True,
80276,Novi Kneževac,local_unit,5,RS124,Severnobanatska oblast,RS,REPUBLIC OF SERBIA,RS1,SRBIJA – SEVER,RS12,Region Vojvodine,RS124,Severnobanatska oblast,municipality,,,True,
80284,Novi Sad,local_unit,5,RS123,Južnobačka oblast,RS,REPUBLIC OF SERBIA,RS1,SRBIJA – SEVER,RS12,Region Vojvodine,RS123,Južnobačka oblast,city_municipality,89010,Grad Novi Sad,True,Present as a separate local unit in 2018-2019; later consolidated under 89010 Grad Novi Sad.
80292,Opovo,local_unit,5,RS122,Južnobanatska oblast,RS,REPUBLIC OF SERBIA,RS1,SRBIJA – SEVER,RS12,Region Vojvodine,RS122,Južnobanatska oblast,municipality,,,True,
80306,Odžaci,local_unit,5,RS121,Zapadnobačka oblast,RS,REPUBLIC OF SERBIA,RS1,SRBIJA – SEVER,RS12,Region Vojvodine,RS121,Zapadnobačka oblast,municipality,,,True,
80314,Pančevo,local_unit,5,RS122,Južnobanatska oblast,RS,REPUBLIC OF SERBIA,RS1,SRBIJA – SEVER,RS12,Region Vojvodine,RS122,Južnobanatska oblast,municipality,,,True,
80322,Pećinci,local_unit,5,RS127,Sremska oblast,RS,REPUBLIC OF SERBIA,RS1,SRBIJA – SEVER,RS12,Region Vojvodine,RS127,Sremska oblast,municipality,,,True,
80349,Plandište,local_unit,5,RS122,Južnobanatska oblast,RS,REPUBLIC OF SERBIA,RS1,SRBIJA – SEVER,RS12,Region Vojvodine,RS122,Južnobanatska oblast,municipality,,,True,
80357,Ruma,local_unit,5,RS127,Sremska oblast,RS,REPUBLIC OF SERBIA,RS1,SRBIJA – SEVER,RS12,Region Vojvodine,RS127,Sremska oblast,municipality,,,True,
80365,Senta,local_unit,5,RS124,Severnobanatska oblast,RS,REPUBLIC OF SERBIA,RS1,SRBIJA – SEVER,RS12,Region Vojvodine,RS124,Severnobanatska oblast,municipality,,,True,
80373,Sečanj,local_unit,5,RS126,Srednjobanatska oblast,RS,REPUBLIC OF SERBIA,RS1,SRBIJA – SEVER,RS12,Region Vojvodine,RS126,Srednjobanatska oblast,municipality,,,True,
80381,Sombor,local_unit,5,RS121,Zapadnobačka oblast,RS,REPUBLIC OF SERBIA,RS1,SRBIJA – SEVER,RS12,Region Vojvodine,RS121,Zapadnobačka oblast,municipality,,,True,
80390,Srbobran,local_unit,5,RS123,Južnobačka oblast,RS,REPUBLIC OF SERBIA,RS1,SRBIJA – SEVER,RS12,Region Vojvodine,RS123,Južnobačka oblast,municipality,,,True,
80403,Sremska Mitrovica,local_unit,5,RS127,Sremska oblast,RS,REPUBLIC OF SERBIA,RS1,SRBIJA – SEVER,RS12,Region Vojvodine,RS127,Sremska oblast,municipality,,,True,
80411,Sremski Karlovci,local_unit,5,RS123,Južnobačka oblast,RS,REPUBLIC OF SERBIA,RS1,SRBIJA – SEVER,RS12,Region Vojvodine,RS123,Južnobačka oblast,municipality,,,True,
80420,Stara Pazova,local_unit,5,RS127,Sremska oblast,RS,REPUBLIC OF SERBIA,RS1,SRBIJA – SEVER,RS12,Region Vojvodine,RS127,Sremska oblast,municipality,,,True,
80438,Subotica,local_unit,5,RS125,Severnobačka oblast,RS,REPUBLIC OF SERBIA,RS1,SRBIJA – SEVER,RS12,Region Vojvodine,RS125,Severnobačka oblast,municipality,,,True,
80446,Temerin,local_unit,5,RS123,Južnobačka oblast,RS,REPUBLIC OF SERBIA,RS1,SRBIJA – SEVER,RS12,Region Vojvodine,RS123,Južnobačka oblast,municipality,,,True,
80454,Titel,local_unit,5,RS123,Južnobačka oblast,RS,REPUBLIC OF SERBIA,RS1,SRBIJA – SEVER,RS12,Region Vojvodine,RS123,Južnobačka oblast,municipality,,,True,
80462,Vrbas,local_unit,5,RS123,Južnobačka oblast,RS,REPUBLIC OF SERBIA,RS1,SRBIJA – SEVER,RS12,Region Vojvodine,RS123,Južnobačka oblast,municipality,,,True,
80489,Čoka,local_unit,5,RS124,Severnobanatska oblast,RS,REPUBLIC OF SERBIA,RS1,SRBIJA – SEVER,RS12,Region Vojvodine,RS124,Severnobanatska oblast,municipality,,,True,
80497,Šid,local_unit,5,RS127,Sremska oblast,RS,REPUBLIC OF SERBIA,RS1,SRBIJA – SEVER,RS12,Region Vojvodine,RS127,Sremska oblast,municipality,,,True,
80519,Petrovaradin,local_unit,5,RS123,Južnobačka oblast,RS,REPUBLIC OF SERBIA,RS1,SRBIJA – SEVER,RS12,Region Vojvodine,RS123,Južnobačka oblast,city_municipality,89010,Grad Novi Sad,True,Present as a separate local unit in 2018-2019; later consolidated under 89010 Grad Novi Sad.
89010,Grad Novi Sad,local_unit,5,RS123,Južnobačka oblast,RS,REPUBLIC OF SERBIA,RS1,SRBIJA – SEVER,RS12,Region Vojvodine,RS123,Južnobačka oblast,city,89010,Grad Novi Sad,True,Aggregate city row used for later Novi Sad coverage in the source data.
RS,REPUBLIC OF SERBIA,country,1,,,RS,REPUBLIC OF SERBIA,,,,,,,,,,True,
RS1,SRBIJA – SEVER,macro_region,2,RS,REPUBLIC OF SERBIA,RS,REPUBLIC OF SERBIA,RS1,SRBIJA – SEVER,,,,,,,,True,
RS11,Beogradski region,statistical_region,3,RS1,SRBIJA – SEVER,RS,REPUBLIC OF SERBIA,RS1,SRBIJA – SEVER,RS11,Beogradski region,,,,,,True,
RS110,Beogradska oblast,administrative_district,4,RS11,Beogradski region,RS,REPUBLIC OF SERBIA,RS1,SRBIJA – SEVER,RS11,Beogradski region,RS110,Beogradska oblast,,,,True,
RS12,Region Vojvodine,statistical_region,3,RS1,SRBIJA – SEVER,RS,REPUBLIC OF SERBIA,RS1,SRBIJA – SEVER,RS12,Region Vojvodine,,,,,,True,
RS121,Zapadnobačka oblast,administrative_district,4,RS12,Region Vojvodine,RS,REPUBLIC OF SERBIA,RS1,SRBIJA – SEVER,RS12,Region Vojvodine,RS121,Zapadnobačka oblast,,,,True,
RS122,Južnobanatska oblast,administrative_district,4,RS12,Region Vojvodine,RS,REPUBLIC OF SERBIA,RS1,SRBIJA – SEVER,RS12,Region Vojvodine,RS122,Južnobanatska oblast,,,,True,
RS123,Južnobačka oblast,administrative_district,4,RS12,Region Vojvodine,RS,REPUBLIC OF SERBIA,RS1,SRBIJA – SEVER,RS12,Region Vojvodine,RS123,Južnobačka oblast,,,,True,
RS124,Severnobanatska oblast,administrative_district,4,RS12,Region Vojvodine,RS,REPUBLIC OF SERBIA,RS1,SRBIJA – SEVER,RS12,Region Vojvodine,RS124,Severnobanatska oblast,,,,True,
RS125,Severnobačka oblast,administrative_district,4,RS12,Region Vojvodine,RS,REPUBLIC OF SERBIA,RS1,SRBIJA – SEVER,RS12,Region Vojvodine,RS125,Severnobačka oblast,,,,True,
RS126,Srednjobanatska oblast,administrative_district,4,RS12,Region Vojvodine,RS,REPUBLIC OF SERBIA,RS1,SRBIJA – SEVER,RS12,Region Vojvodine,RS126,Srednjobanatska oblast,,,,True,
RS127,Sremska oblast,administrative_district,4,RS12,Region Vojvodine,RS,REPUBLIC OF SERBIA,RS1,SRBIJA – SEVER,RS12,Region Vojvodine,RS127,Sremska oblast,,,,True,
RS2,SRBIJA – JUG,macro_region,2,RS,REPUBLIC OF SERBIA,RS,REPUBLIC OF SERBIA,RS2,SRBIJA – JUG,,,,,,,,True,
RS21,Region Šumadije i Zapadne Srbije,statistical_region,3,RS2,SRBIJA – JUG,RS,REPUBLIC OF SERBIA,RS2,SRBIJA – JUG,RS21,Region Šumadije i Zapadne Srbije,,,,,,True,
RS211,Zlatiborska oblast,administrative_district,4,RS21,Region Šumadije i Zapadne Srbije,RS,REPUBLIC OF SERBIA,RS2,SRBIJA – JUG,RS21,Region Šumadije i Zapadne Srbije,RS211,Zlatiborska oblast,,,,True,
RS212,Kolubarska oblast,administrative_district,4,RS21,Region Šumadije i Zapadne Srbije,RS,REPUBLIC OF SERBIA,RS2,SRBIJA – JUG,RS21,Region Šumadije i Zapadne Srbije,RS212,Kolubarska oblast,,,,True,
RS213,Mačvanska oblast,administrative_district,4,RS21,Region Šumadije i Zapadne Srbije,RS,REPUBLIC OF SERBIA,RS2,SRBIJA – JUG,RS21,Region Šumadije i Zapadne Srbije,RS213,Mačvanska oblast,,,,True,
RS214,Moravička oblast,administrative_district,4,RS21,Region Šumadije i Zapadne Srbije,RS,REPUBLIC OF SERBIA,RS2,SRBIJA – JUG,RS21,Region Šumadije i Zapadne Srbije,RS214,Moravička oblast,,,,True,
RS215,Pomoravska oblast,administrative_district,4,RS21,Region Šumadije i Zapadne Srbije,RS,REPUBLIC OF SERBIA,RS2,SRBIJA – JUG,RS21,Region Šumadije i Zapadne Srbije,RS215,Pomoravska oblast,,,,True,
RS216,Rasinska oblast,administrative_district,4,RS21,Region Šumadije i Zapadne Srbije,RS,REPUBLIC OF SERBIA,RS2,SRBIJA – JUG,RS21,Region Šumadije i Zapadne Srbije,RS216,Rasinska oblast,,,,True,
RS217,Raška oblast,administrative_district,4,RS21,Region Šumadije i Zapadne Srbije,RS,REPUBLIC OF SERBIA,RS2,SRBIJA – JUG,RS21,Region Šumadije i Zapadne Srbije,RS217,Raška oblast,,,,True,
RS218,Šumadijska oblast,administrative_district,4,RS21,Region Šumadije i Zapadne Srbije,RS,REPUBLIC OF SERBIA,RS2,SRBIJA – JUG,RS21,Region Šumadije i Zapadne Srbije,RS218,Šumadijska oblast,,,,True,
RS22,Region Južne i Istočne Srbije,statistical_region,3,RS2,SRBIJA – JUG,RS,REPUBLIC OF SERBIA,RS2,SRBIJA – JUG,RS22,Region Južne i Istočne Srbije,,,,,,True,
RS221,Borska oblast,administrative_district,4,RS22,Region Južne i Istočne Srbije,RS,REPUBLIC OF SERBIA,RS2,SRBIJA – JUG,RS22,Region Južne i Istočne Srbije,RS221,Borska oblast,,,,True,
RS222,Braničevska oblast,administrative_district,4,RS22,Region Južne i Istočne Srbije,RS,REPUBLIC OF SERBIA,RS2,SRBIJA – JUG,RS22,Region Južne i Istočne Srbije,RS222,Braničevska oblast,,,,True,
RS223,Zaječarska oblast,administrative_district,4,RS22,Region Južne i Istočne Srbije,RS,REPUBLIC OF SERBIA,RS2,SRBIJA – JUG,RS22,Region Južne i Istočne Srbije,RS223,Zaječarska oblast,,,,True,
RS224,Jablanička oblast,administrative_district,4,RS22,Region Južne i Istočne Srbije,RS,REPUBLIC OF SERBIA,RS2,SRBIJA – JUG,RS22,Region Južne i Istočne Srbije,RS224,Jablanička oblast,,,,True,
RS225,Nišavska oblast,administrative_district,4,RS22,Region Južne i Istočne Srbije,RS,REPUBLIC OF SERBIA,RS2,SRBIJA – JUG,RS22,Region Južne i Istočne Srbije,RS225,Nišavska oblast,,,,True,
RS226,Pirotska oblast,administrative_district,4,RS22,Region Južne i Istočne Srbije,RS,REPUBLIC OF SERBIA,RS2,SRBIJA – JUG,RS22,Region Južne i Istočne Srbije,RS226,Pirotska oblast,,,,True,
RS227,Podunavska oblast,administrative_district,4,RS22,Region Južne i Istočne Srbije,RS,REPUBLIC OF SERBIA,RS2,SRBIJA – JUG,RS22,Region Južne i Istočne Srbije,RS227,Podunavska oblast,,,,True,
RS228,Pčinjska oblast,administrative_district,4,RS22,Region Južne i Istočne Srbije,RS,REPUBLIC OF SERBIA,RS2,SRBIJA – JUG,RS22,Region Južne i Istočne Srbije,RS228,Pčinjska oblast,,,,True,
RS229,Toplička oblast,administrative_district,4,RS22,Region Južne i Istočne Srbije,RS,REPUBLIC OF SERBIA,RS2,SRBIJA – JUG,RS22,Region Južne i Istočne Srbije,RS229,Toplička oblast,,,,True,
