idindikator;mes;god;IDTer;nTer;vrednost;idJedinicaMere;nJedinicaMere;nIzvorI;Indikator;IDStatusPodatka;nStatusPodatka
2403040409IND01;00;1963;RS;REPUBLIC OF SERBIA;3156;NR;number;SORS;Average net earnings;A;Normal value
2403040409IND01;00;1964;RS;REPUBLIC OF SERBIA;4032;NR;number;SORS;Average net earnings;A;Normal value
2403040409IND01;00;1965;RS;REPUBLIC OF SERBIA;5628;NR;number;SORS;Average net earnings;A;Normal value
2403040409IND01;00;1966;RS;REPUBLIC OF SERBIA;7992;NR;number;SORS;Average net earnings;A;Normal value
2403040409IND01;00;1967;RS;REPUBLIC OF SERBIA;9144;NR;number;SORS;Average net earnings;A;Normal value
2403040409IND01;00;1968;RS;REPUBLIC OF SERBIA;9900;NR;number;SORS;Average net earnings;A;Normal value
2403040409IND01;00;1969;RS;REPUBLIC OF SERBIA;11376;NR;number;SORS;Average net earnings;A;Normal value
2403040409IND01;00;1970;RS;REPUBLIC OF SERBIA;13188;NR;number;SORS;Average net earnings;A;Normal value
2403040409IND01;00;1971;RS;REPUBLIC OF SERBIA;16164;NR;number;SORS;Average net earnings;A;Normal value
2403040409IND01;00;1972;RS;REPUBLIC OF SERBIA;18888;NR;number;SORS;Average net earnings;A;Normal value
2403040409IND01;00;1973;RS;REPUBLIC OF SERBIA;21936;NR;number;SORS;Average net earnings;A;Normal value
2403040409IND01;00;1974;RS;REPUBLIC OF SERBIA;28524;NR;number;SORS;Average net earnings;A;Normal value
2403040409IND01;00;1975;RS;REPUBLIC OF SERBIA;35160;NR;number;SORS;Average net earnings;A;Normal value
2403040409IND01;00;1976;RS;REPUBLIC OF SERBIA;40896;NR;number;SORS;Average net earnings;A;Normal value
2403040409IND01;00;1977;RS;REPUBLIC OF SERBIA;48696;NR;number;SORS;Average net earnings;A;Normal value
2403040409IND01;00;1978;RS;REPUBLIC OF SERBIA;58380;NR;number;SORS;Average net earnings;A;Normal value
2403040409IND01;00;1979;RS;REPUBLIC OF SERBIA;69912;NR;number;SORS;Average net earnings;A;Normal value
2403040409IND01;00;1980;RS;REPUBLIC OF SERBIA;83604;NR;number;SORS;Average net earnings;A;Normal value
2403040409IND01;00;1981;RS;REPUBLIC OF SERBIA;112260;NR;number;SORS;Average net earnings;A;Normal value
2403040409IND01;00;1982;RS;REPUBLIC OF SERBIA;143016;NR;number;SORS;Average net earnings;A;Normal value
2403040409IND01;00;1983;RS;REPUBLIC OF SERBIA;181932;NR;number;SORS;Average net earnings;A;Normal value
2403040409IND01;00;1984;RS;REPUBLIC OF SERBIA;260616;NR;number;SORS;Average net earnings;A;Normal value
2403040409IND01;00;1985;RS;REPUBLIC OF SERBIA;454080;NR;number;SORS;Average net earnings;A;Normal value
2403040409IND01;00;1986;RS;REPUBLIC OF SERBIA;924528;NR;number;SORS;Average net earnings;A;Normal value
2403040409IND01;00;1987;RS;REPUBLIC OF SERBIA;1854228;NR;number;SORS;Average net earnings;A;Normal value
2403040409IND01;00;1988;RS;REPUBLIC OF SERBIA;5094636;NR;number;SORS;Average net earnings;A;Normal value
2403040409IND01;00;1989;RS;REPUBLIC OF SERBIA;91701372;NR;number;SORS;Average net earnings;A;Normal value
2403040409IND01;00;1990;RS;REPUBLIC OF SERBIA;48480;NR;number;SORS;Average net earnings;A;Normal value
2403040409IND01;00;1991;RS;REPUBLIC OF SERBIA;101688;NR;number;SORS;Average net earnings;A;Normal value
2403040409IND01;00;1992;RS;REPUBLIC OF SERBIA;472668;NR;number;SORS;Average net earnings;A;Normal value
2403040409IND01;00;1993;RS;REPUBLIC OF SERBIA;12036;NR;number;SORS;Average net earnings;A;Normal value
2403040409IND01;00;1994;RS;REPUBLIC OF SERBIA;1980;NR;number;SORS;Average net earnings;A;Normal value
2403040409IND01;00;1995;RS;REPUBLIC OF SERBIA;4116;NR;number;SORS;Average net earnings;A;Normal value
2403040409IND01;00;1996;RS;REPUBLIC OF SERBIA;7896;NR;number;SORS;Average net earnings;A;Normal value
2403040409IND01;00;1997;RS;REPUBLIC OF SERBIA;9576;NR;number;SORS;Average net earnings;B;Time series break
2403040409IND01;00;1998;RS;REPUBLIC OF SERBIA;12624;NR;number;SORS;Average net earnings;A;Normal value
2403040409IND01;00;1999;RS;REPUBLIC OF SERBIA;15132;NR;number;SORS;Average net earnings;A;Normal value
2403040409IND01;00;2000;RS;REPUBLIC OF SERBIA;28668;NR;number;SORS;Average net earnings;A;Normal value
2403040409IND01;00;2001;RS;REPUBLIC OF SERBIA;70080;NR;number;SORS;Average net earnings;D;Definition differs
2403040409IND01;00;2002;RS;REPUBLIC OF SERBIA;110496;NR;number;SORS;Average net earnings;A;Normal value
2403040409IND01;00;2003;RS;REPUBLIC OF SERBIA;138000;NR;number;SORS;Average net earnings;A;Normal value
2403040409IND01;00;2004;RS;REPUBLIC OF SERBIA;169296;NR;number;SORS;Average net earnings;A;Normal value
2403040409IND01;00;2005;RS;REPUBLIC OF SERBIA;209316;NR;number;SORS;Average net earnings;A;Normal value
2403040409IND01;00;2006;RS;REPUBLIC OF SERBIA;260484;NR;number;SORS;Average net earnings;A;Normal value
2403040409IND01;00;2007;RS;REPUBLIC OF SERBIA;333108;NR;number;SORS;Average net earnings;A;Normal value
2403040409IND01;00;2008;RS;REPUBLIC OF SERBIA;392952;NR;number;SORS;Average net earnings;A;Normal value
2403040409IND01;00;2009;RS;REPUBLIC OF SERBIA;380796;NR;number;SORS;Average net earnings;B;Time series break
2403040409IND01;00;2010;RS;REPUBLIC OF SERBIA;409704;NR;number;SORS;Average net earnings;A;Normal value
2403040409IND01;00;2011;RS;REPUBLIC OF SERBIA;455712;NR;number;SORS;Average net earnings;A;Normal value
2403040409IND01;00;2012;RS;REPUBLIC OF SERBIA;496524;NR;number;SORS;Average net earnings;A;Normal value
2403040409IND01;00;2013;RS;REPUBLIC OF SERBIA;527184;NR;number;SORS;Average net earnings;A;Normal value
2403040409IND01;00;2014;RS;REPUBLIC OF SERBIA;534360;NR;number;SORS;Average net earnings;A;Normal value
2403040409IND01;00;2015;RS;REPUBLIC OF SERBIA;533184;NR;number;SORS;Average net earnings;A;Normal value
2403040409IND01;00;2016;RS;REPUBLIC OF SERBIA;553164;NR;number;SORS;Average net earnings;A;Normal value
2403040409IND01;00;2017;RS;REPUBLIC OF SERBIA;574716;NR;number;SORS;Average net earnings;A;Normal value
2403040409IND01;00;2018;RS;REPUBLIC OF SERBIA;595800;NR;number;SORS;Average net earnings;B;Time series break
2403040409IND01;00;2019;RS;REPUBLIC OF SERBIA;659028;NR;number;SORS;Average net earnings;A;Normal value
2403040409IND01;00;2020;RS;REPUBLIC OF SERBIA;720876;NR;number;SORS;Average net earnings;A;Normal value
2403040409IND01;00;2021;RS;REPUBLIC OF SERBIA;790368;NR;number;SORS;Average net earnings;A;Normal value
2403040409IND01;00;2022;RS;REPUBLIC OF SERBIA;899196;NR;number;SORS;Average net earnings;A;Normal value
2403040409IND01;00;2023;RS;REPUBLIC OF SERBIA;1032084;NR;number;SORS;Average net earnings;A;Normal value
2403040409IND01;00;2024;RS;REPUBLIC OF SERBIA;1177716;NR;number;SORS;Average net earnings;A;Normal value
2403040409IND01;00;2025;RS;REPUBLIC OF SERBIA;1313544;NR;number;SORS;Average net earnings;A;Normal value
