idindikator;IDTer;nTer;IDJavniSEK;nJavniSEK;mes;god;vrednost;idJedinicaMere;nJedinicaMere;nIzvorI;Indikator;IDStatusPodatka;nStatusPodatka
2403040404IND01;RS;REPUBLIC OF SERBIA;0;Total;00;2003;11500;RSD;RSD;SORS;Average net earnings;A;Normal value
2403040404IND01;RS;REPUBLIC OF SERBIA;0_JP_JD_JL;Public enterprises;00;2003;16442;RSD;RSD;SORS;Average net earnings;A;Normal value
2403040404IND01;RS;REPUBLIC OF SERBIA;0_JS;Public sector;00;2003;14757;RSD;RSD;SORS;Average net earnings;A;Normal value
2403040404IND01;RS;REPUBLIC OF SERBIA;0_VJS;Non-public sector;00;2003;9257;RSD;RSD;SORS;Average net earnings;A;Normal value
2403040404IND01;RS;REPUBLIC OF SERBIA;1_JD;Public state enterprises;00;2003;16868;RSD;RSD;SORS;Average net earnings;A;Normal value
2403040404IND01;RS;REPUBLIC OF SERBIA;2_JL;Public local enterprises;00;2003;15456;RSD;RSD;SORS;Average net earnings;A;Normal value
2403040404IND01;RS;REPUBLIC OF SERBIA;3_4_5_BK;General government;00;2003;13804;RSD;RSD;SORS;Average net earnings;A;Normal value
2403040404IND01;RS;REPUBLIC OF SERBIA;3_ZS;Health and social work;00;2003;13037;RSD;RSD;SORS;Average net earnings;A;Normal value
2403040404IND01;RS;REPUBLIC OF SERBIA;4_OK;Education and culture;00;2003;13304;RSD;RSD;SORS;Average net earnings;A;Normal value
2403040404IND01;RS;REPUBLIC OF SERBIA;5_AD;Administration - all levels;00;2003;16591;RSD;RSD;SORS;Average net earnings;A;Normal value
2403040404IND01;RS;REPUBLIC OF SERBIA;5_AD2;Administration - government  level;00;2003;;RSD;RSD;SORS;Average net earnings;O;Not available
2403040404IND01;RS;REPUBLIC OF SERBIA;5_AD3;Administration - autonomous  province level;00;2003;;RSD;RSD;SORS;Average net earnings;O;Not available
2403040404IND01;RS;REPUBLIC OF SERBIA;5_AD4;Administration - local authorities’ level;00;2003;;RSD;RSD;SORS;Average net earnings;O;Not available
2403040404IND01;RS;REPUBLIC OF SERBIA;0;Total;00;2004;14108;RSD;RSD;SORS;Average net earnings;A;Normal value
2403040404IND01;RS;REPUBLIC OF SERBIA;0_JP_JD_JL;Public enterprises;00;2004;19741;RSD;RSD;SORS;Average net earnings;A;Normal value
2403040404IND01;RS;REPUBLIC OF SERBIA;0_JS;Public sector;00;2004;17662;RSD;RSD;SORS;Average net earnings;A;Normal value
2403040404IND01;RS;REPUBLIC OF SERBIA;0_VJS;Non-public sector;00;2004;11415;RSD;RSD;SORS;Average net earnings;A;Normal value
2403040404IND01;RS;REPUBLIC OF SERBIA;1_JD;Public state enterprises;00;2004;19983;RSD;RSD;SORS;Average net earnings;A;Normal value
2403040404IND01;RS;REPUBLIC OF SERBIA;2_JL;Public local enterprises;00;2004;19212;RSD;RSD;SORS;Average net earnings;A;Normal value
2403040404IND01;RS;REPUBLIC OF SERBIA;3_4_5_BK;General government;00;2004;16513;RSD;RSD;SORS;Average net earnings;A;Normal value
2403040404IND01;RS;REPUBLIC OF SERBIA;3_ZS;Health and social work;00;2004;15910;RSD;RSD;SORS;Average net earnings;A;Normal value
2403040404IND01;RS;REPUBLIC OF SERBIA;4_OK;Education and culture;00;2004;15709;RSD;RSD;SORS;Average net earnings;A;Normal value
2403040404IND01;RS;REPUBLIC OF SERBIA;5_AD;Administration - all levels;00;2004;19414;RSD;RSD;SORS;Average net earnings;A;Normal value
2403040404IND01;RS;REPUBLIC OF SERBIA;5_AD2;Administration - government  level;00;2004;;RSD;RSD;SORS;Average net earnings;O;Not available
2403040404IND01;RS;REPUBLIC OF SERBIA;5_AD3;Administration - autonomous  province level;00;2004;;RSD;RSD;SORS;Average net earnings;O;Not available
2403040404IND01;RS;REPUBLIC OF SERBIA;5_AD4;Administration - local authorities’ level;00;2004;;RSD;RSD;SORS;Average net earnings;O;Not available
2403040404IND01;RS;REPUBLIC OF SERBIA;0;Total;00;2005;17443;RSD;RSD;SORS;Average net earnings;A;Normal value
2403040404IND01;RS;REPUBLIC OF SERBIA;0_JP_JD_JL;Public enterprises;00;2005;23021;RSD;RSD;SORS;Average net earnings;A;Normal value
2403040404IND01;RS;REPUBLIC OF SERBIA;0_JS;Public sector;00;2005;20876;RSD;RSD;SORS;Average net earnings;A;Normal value
2403040404IND01;RS;REPUBLIC OF SERBIA;0_VJS;Non-public sector;00;2005;14544;RSD;RSD;SORS;Average net earnings;A;Normal value
2403040404IND01;RS;REPUBLIC OF SERBIA;1_JD;Public state enterprises;00;2005;23165;RSD;RSD;SORS;Average net earnings;A;Normal value
2403040404IND01;RS;REPUBLIC OF SERBIA;2_JL;Public local enterprises;00;2005;22746;RSD;RSD;SORS;Average net earnings;A;Normal value
2403040404IND01;RS;REPUBLIC OF SERBIA;3_4_5_BK;General government;00;2005;19717;RSD;RSD;SORS;Average net earnings;A;Normal value
2403040404IND01;RS;REPUBLIC OF SERBIA;3_ZS;Health and social work;00;2005;18426;RSD;RSD;SORS;Average net earnings;A;Normal value
2403040404IND01;RS;REPUBLIC OF SERBIA;4_OK;Education and culture;00;2005;19235;RSD;RSD;SORS;Average net earnings;A;Normal value
2403040404IND01;RS;REPUBLIC OF SERBIA;5_AD;Administration - all levels;00;2005;23692;RSD;RSD;SORS;Average net earnings;A;Normal value
2403040404IND01;RS;REPUBLIC OF SERBIA;5_AD2;Administration - government  level;00;2005;;RSD;RSD;SORS;Average net earnings;O;Not available
2403040404IND01;RS;REPUBLIC OF SERBIA;5_AD3;Administration - autonomous  province level;00;2005;;RSD;RSD;SORS;Average net earnings;O;Not available
2403040404IND01;RS;REPUBLIC OF SERBIA;5_AD4;Administration - local authorities’ level;00;2005;;RSD;RSD;SORS;Average net earnings;O;Not available
2403040404IND01;RS;REPUBLIC OF SERBIA;0;Total;00;2006;21707;RSD;RSD;SORS;Average net earnings;A;Normal value
2403040404IND01;RS;REPUBLIC OF SERBIA;0_JP_JD_JL;Public enterprises;00;2006;27789;RSD;RSD;SORS;Average net earnings;A;Normal value
2403040404IND01;RS;REPUBLIC OF SERBIA;0_JS;Public sector;00;2006;25232;RSD;RSD;SORS;Average net earnings;A;Normal value
2403040404IND01;RS;REPUBLIC OF SERBIA;0_VJS;Non-public sector;00;2006;18591;RSD;RSD;SORS;Average net earnings;A;Normal value
2403040404IND01;RS;REPUBLIC OF SERBIA;1_JD;Public state enterprises;00;2006;28737;RSD;RSD;SORS;Average net earnings;A;Normal value
2403040404IND01;RS;REPUBLIC OF SERBIA;2_JL;Public local enterprises;00;2006;26162;RSD;RSD;SORS;Average net earnings;A;Normal value
2403040404IND01;RS;REPUBLIC OF SERBIA;3_4_5_BK;General government;00;2006;23908;RSD;RSD;SORS;Average net earnings;A;Normal value
2403040404IND01;RS;REPUBLIC OF SERBIA;3_ZS;Health and social work;00;2006;22542;RSD;RSD;SORS;Average net earnings;A;Normal value
2403040404IND01;RS;REPUBLIC OF SERBIA;4_OK;Education and culture;00;2006;23041;RSD;RSD;SORS;Average net earnings;A;Normal value
2403040404IND01;RS;REPUBLIC OF SERBIA;5_AD;Administration - all levels;00;2006;28887;RSD;RSD;SORS;Average net earnings;A;Normal value
2403040404IND01;RS;REPUBLIC OF SERBIA;5_AD2;Administration - government  level;00;2006;;RSD;RSD;SORS;Average net earnings;O;Not available
2403040404IND01;RS;REPUBLIC OF SERBIA;5_AD3;Administration - autonomous  province level;00;2006;;RSD;RSD;SORS;Average net earnings;O;Not available
2403040404IND01;RS;REPUBLIC OF SERBIA;5_AD4;Administration - local authorities’ level;00;2006;;RSD;RSD;SORS;Average net earnings;O;Not available
2403040404IND01;RS;REPUBLIC OF SERBIA;0;Total;00;2007;27759;RSD;RSD;SORS;Average net earnings;A;Normal value
2403040404IND01;RS;REPUBLIC OF SERBIA;0_JP_JD_JL;Public enterprises;00;2007;34628;RSD;RSD;SORS;Average net earnings;A;Normal value
2403040404IND01;RS;REPUBLIC OF SERBIA;0_JS;Public sector;00;2007;32392;RSD;RSD;SORS;Average net earnings;A;Normal value
2403040404IND01;RS;REPUBLIC OF SERBIA;0_VJS;Non-public sector;00;2007;23268;RSD;RSD;SORS;Average net earnings;A;Normal value
2403040404IND01;RS;REPUBLIC OF SERBIA;1_JD;Public state enterprises;00;2007;37081;RSD;RSD;SORS;Average net earnings;A;Normal value
2403040404IND01;RS;REPUBLIC OF SERBIA;2_JL;Public local enterprises;00;2007;30448;RSD;RSD;SORS;Average net earnings;A;Normal value
2403040404IND01;RS;REPUBLIC OF SERBIA;3_4_5_BK;General government;00;2007;31275;RSD;RSD;SORS;Average net earnings;A;Normal value
2403040404IND01;RS;REPUBLIC OF SERBIA;3_ZS;Health and social work;00;2007;31020;RSD;RSD;SORS;Average net earnings;A;Normal value
2403040404IND01;RS;REPUBLIC OF SERBIA;4_OK;Education and culture;00;2007;29468;RSD;RSD;SORS;Average net earnings;A;Normal value
2403040404IND01;RS;REPUBLIC OF SERBIA;5_AD;Administration - all levels;00;2007;35606;RSD;RSD;SORS;Average net earnings;A;Normal value
2403040404IND01;RS;REPUBLIC OF SERBIA;5_AD2;Administration - government  level;00;2007;;RSD;RSD;SORS;Average net earnings;O;Not available
2403040404IND01;RS;REPUBLIC OF SERBIA;5_AD3;Administration - autonomous  province level;00;2007;;RSD;RSD;SORS;Average net earnings;O;Not available
2403040404IND01;RS;REPUBLIC OF SERBIA;5_AD4;Administration - local authorities’ level;00;2007;;RSD;RSD;SORS;Average net earnings;O;Not available
2403040404IND01;RS;REPUBLIC OF SERBIA;0;Total;00;2008;32746;RSD;RSD;SORS;Average net earnings;A;Normal value
2403040404IND01;RS;REPUBLIC OF SERBIA;0_JP_JD_JL;Public enterprises;00;2008;39518;RSD;RSD;SORS;Average net earnings;A;Normal value
2403040404IND01;RS;REPUBLIC OF SERBIA;0_JS;Public sector;00;2008;37284;RSD;RSD;SORS;Average net earnings;A;Normal value
2403040404IND01;RS;REPUBLIC OF SERBIA;0_VJS;Non-public sector;00;2008;27932;RSD;RSD;SORS;Average net earnings;A;Normal value
2403040404IND01;RS;REPUBLIC OF SERBIA;1_JD;Public state enterprises;00;2008;42106;RSD;RSD;SORS;Average net earnings;A;Normal value
2403040404IND01;RS;REPUBLIC OF SERBIA;2_JL;Public local enterprises;00;2008;35060;RSD;RSD;SORS;Average net earnings;A;Normal value
2403040404IND01;RS;REPUBLIC OF SERBIA;3_4_5_BK;General government;00;2008;36199;RSD;RSD;SORS;Average net earnings;A;Normal value
2403040404IND01;RS;REPUBLIC OF SERBIA;3_ZS;Health and social work;00;2008;35329;RSD;RSD;SORS;Average net earnings;A;Normal value
2403040404IND01;RS;REPUBLIC OF SERBIA;4_OK;Education and culture;00;2008;35071;RSD;RSD;SORS;Average net earnings;A;Normal value
2403040404IND01;RS;REPUBLIC OF SERBIA;5_AD;Administration - all levels;00;2008;40548;RSD;RSD;SORS;Average net earnings;A;Normal value
2403040404IND01;RS;REPUBLIC OF SERBIA;5_AD2;Administration - government  level;00;2008;;RSD;RSD;SORS;Average net earnings;O;Not available
2403040404IND01;RS;REPUBLIC OF SERBIA;5_AD3;Administration - autonomous  province level;00;2008;;RSD;RSD;SORS;Average net earnings;O;Not available
2403040404IND01;RS;REPUBLIC OF SERBIA;5_AD4;Administration - local authorities’ level;00;2008;;RSD;RSD;SORS;Average net earnings;O;Not available
2403040404IND01;RS;REPUBLIC OF SERBIA;0;Total;00;2009;31733;RSD;RSD;SORS;Average net earnings;B;Time series break
2403040404IND01;RS;REPUBLIC OF SERBIA;0_JP_JD_JL;Public enterprises;00;2009;41639;RSD;RSD;SORS;Average net earnings;B;Time series break
2403040404IND01;RS;REPUBLIC OF SERBIA;0_JS;Public sector;00;2009;38885;RSD;RSD;SORS;Average net earnings;B;Time series break
2403040404IND01;RS;REPUBLIC OF SERBIA;0_VJS;Non-public sector;00;2009;26029;RSD;RSD;SORS;Average net earnings;B;Time series break
2403040404IND01;RS;REPUBLIC OF SERBIA;1_JD;Public state enterprises;00;2009;44555;RSD;RSD;SORS;Average net earnings;B;Time series break
2403040404IND01;RS;REPUBLIC OF SERBIA;2_JL;Public local enterprises;00;2009;37065;RSD;RSD;SORS;Average net earnings;B;Time series break
2403040404IND01;RS;REPUBLIC OF SERBIA;3_4_5_BK;General government;00;2009;37659;RSD;RSD;SORS;Average net earnings;B;Time series break
2403040404IND01;RS;REPUBLIC OF SERBIA;3_ZS;Health and social work;00;2009;36901;RSD;RSD;SORS;Average net earnings;B;Time series break
2403040404IND01;RS;REPUBLIC OF SERBIA;4_OK;Education and culture;00;2009;36518;RSD;RSD;SORS;Average net earnings;B;Time series break
2403040404IND01;RS;REPUBLIC OF SERBIA;5_AD;Administration - all levels;00;2009;41592;RSD;RSD;SORS;Average net earnings;B;Time series break
2403040404IND01;RS;REPUBLIC OF SERBIA;5_AD2;Administration - government  level;00;2009;;RSD;RSD;SORS;Average net earnings;O;Not available
2403040404IND01;RS;REPUBLIC OF SERBIA;5_AD3;Administration - autonomous  province level;00;2009;;RSD;RSD;SORS;Average net earnings;O;Not available
2403040404IND01;RS;REPUBLIC OF SERBIA;5_AD4;Administration - local authorities’ level;00;2009;;RSD;RSD;SORS;Average net earnings;O;Not available
2403040404IND01;RS;REPUBLIC OF SERBIA;0;Total;00;2010;34142;RSD;RSD;SORS;Average net earnings;A;Normal value
2403040404IND01;RS;REPUBLIC OF SERBIA;0_JP_JD_JL;Public enterprises;00;2010;43353;RSD;RSD;SORS;Average net earnings;A;Normal value
2403040404IND01;RS;REPUBLIC OF SERBIA;0_JS;Public sector;00;2010;39810;RSD;RSD;SORS;Average net earnings;A;Normal value
2403040404IND01;RS;REPUBLIC OF SERBIA;0_VJS;Non-public sector;00;2010;29285;RSD;RSD;SORS;Average net earnings;A;Normal value
2403040404IND01;RS;REPUBLIC OF SERBIA;1_JD;Public state enterprises;00;2010;46435;RSD;RSD;SORS;Average net earnings;A;Normal value
2403040404IND01;RS;REPUBLIC OF SERBIA;2_JL;Public local enterprises;00;2010;38630;RSD;RSD;SORS;Average net earnings;A;Normal value
2403040404IND01;RS;REPUBLIC OF SERBIA;3_4_5_BK;General government;00;2010;38277;RSD;RSD;SORS;Average net earnings;A;Normal value
2403040404IND01;RS;REPUBLIC OF SERBIA;3_ZS;Health and social work;00;2010;36996;RSD;RSD;SORS;Average net earnings;A;Normal value
2403040404IND01;RS;REPUBLIC OF SERBIA;4_OK;Education and culture;00;2010;36929;RSD;RSD;SORS;Average net earnings;A;Normal value
2403040404IND01;RS;REPUBLIC OF SERBIA;5_AD;Administration - all levels;00;2010;43858;RSD;RSD;SORS;Average net earnings;A;Normal value
2403040404IND01;RS;REPUBLIC OF SERBIA;5_AD2;Administration - government  level;00;2010;;RSD;RSD;SORS;Average net earnings;O;Not available
2403040404IND01;RS;REPUBLIC OF SERBIA;5_AD3;Administration - autonomous  province level;00;2010;;RSD;RSD;SORS;Average net earnings;O;Not available
2403040404IND01;RS;REPUBLIC OF SERBIA;5_AD4;Administration - local authorities’ level;00;2010;;RSD;RSD;SORS;Average net earnings;O;Not available
2403040404IND01;RS;REPUBLIC OF SERBIA;0;Total;00;2011;37976;RSD;RSD;SORS;Average net earnings;A;Normal value
2403040404IND01;RS;REPUBLIC OF SERBIA;0_JP_JD_JL;Public enterprises;00;2011;48527;RSD;RSD;SORS;Average net earnings;A;Normal value
2403040404IND01;RS;REPUBLIC OF SERBIA;0_JS;Public sector;00;2011;43506;RSD;RSD;SORS;Average net earnings;A;Normal value
2403040404IND01;RS;REPUBLIC OF SERBIA;0_VJS;Non-public sector;00;2011;33045;RSD;RSD;SORS;Average net earnings;A;Normal value
2403040404IND01;RS;REPUBLIC OF SERBIA;1_JD;Public state enterprises;00;2011;53614;RSD;RSD;SORS;Average net earnings;A;Normal value
2403040404IND01;RS;REPUBLIC OF SERBIA;2_JL;Public local enterprises;00;2011;40982;RSD;RSD;SORS;Average net earnings;A;Normal value
2403040404IND01;RS;REPUBLIC OF SERBIA;3_4_5_BK;General government;00;2011;41350;RSD;RSD;SORS;Average net earnings;A;Normal value
2403040404IND01;RS;REPUBLIC OF SERBIA;3_ZS;Health and social work;00;2011;40121;RSD;RSD;SORS;Average net earnings;A;Normal value
2403040404IND01;RS;REPUBLIC OF SERBIA;4_OK;Education and culture;00;2011;39262;RSD;RSD;SORS;Average net earnings;A;Normal value
2403040404IND01;RS;REPUBLIC OF SERBIA;5_AD;Administration - all levels;00;2011;48327;RSD;RSD;SORS;Average net earnings;A;Normal value
2403040404IND01;RS;REPUBLIC OF SERBIA;5_AD2;Administration - government  level;00;2011;;RSD;RSD;SORS;Average net earnings;O;Not available
2403040404IND01;RS;REPUBLIC OF SERBIA;5_AD3;Administration - autonomous  province level;00;2011;;RSD;RSD;SORS;Average net earnings;O;Not available
2403040404IND01;RS;REPUBLIC OF SERBIA;5_AD4;Administration - local authorities’ level;00;2011;;RSD;RSD;SORS;Average net earnings;O;Not available
2403040404IND01;RS;REPUBLIC OF SERBIA;0;Total;00;2012;41377;RSD;RSD;SORS;Average net earnings;A;Normal value
2403040404IND01;RS;REPUBLIC OF SERBIA;0_JP_JD_JL;Public enterprises;00;2012;52317;RSD;RSD;SORS;Average net earnings;A;Normal value
2403040404IND01;RS;REPUBLIC OF SERBIA;0_JS;Public sector;00;2012;46551;RSD;RSD;SORS;Average net earnings;A;Normal value
2403040404IND01;RS;REPUBLIC OF SERBIA;0_VJS;Non-public sector;00;2012;36570;RSD;RSD;SORS;Average net earnings;A;Normal value
2403040404IND01;RS;REPUBLIC OF SERBIA;1_JD;Public state enterprises;00;2012;58462;RSD;RSD;SORS;Average net earnings;A;Normal value
2403040404IND01;RS;REPUBLIC OF SERBIA;2_JL;Public local enterprises;00;2012;43297;RSD;RSD;SORS;Average net earnings;A;Normal value
2403040404IND01;RS;REPUBLIC OF SERBIA;3_4_5_BK;General government;00;2012;44055;RSD;RSD;SORS;Average net earnings;A;Normal value
2403040404IND01;RS;REPUBLIC OF SERBIA;3_ZS;Health and social work;00;2012;42314;RSD;RSD;SORS;Average net earnings;A;Normal value
2403040404IND01;RS;REPUBLIC OF SERBIA;4_OK;Education and culture;00;2012;41724;RSD;RSD;SORS;Average net earnings;A;Normal value
2403040404IND01;RS;REPUBLIC OF SERBIA;5_AD;Administration - all levels;00;2012;52401;RSD;RSD;SORS;Average net earnings;A;Normal value
2403040404IND01;RS;REPUBLIC OF SERBIA;5_AD2;Administration - government  level;00;2012;;RSD;RSD;SORS;Average net earnings;O;Not available
2403040404IND01;RS;REPUBLIC OF SERBIA;5_AD3;Administration - autonomous  province level;00;2012;;RSD;RSD;SORS;Average net earnings;O;Not available
2403040404IND01;RS;REPUBLIC OF SERBIA;5_AD4;Administration - local authorities’ level;00;2012;;RSD;RSD;SORS;Average net earnings;O;Not available
2403040404IND01;RS;REPUBLIC OF SERBIA;0;Total;00;2013;43932;RSD;RSD;SORS;Average net earnings;A;Normal value
2403040404IND01;RS;REPUBLIC OF SERBIA;0_JP_JD_JL;Public enterprises;00;2013;54986;RSD;RSD;SORS;Average net earnings;A;Normal value
2403040404IND01;RS;REPUBLIC OF SERBIA;0_JS;Public sector;00;2013;48943;RSD;RSD;SORS;Average net earnings;A;Normal value
2403040404IND01;RS;REPUBLIC OF SERBIA;0_VJS;Non-public sector;00;2013;39014;RSD;RSD;SORS;Average net earnings;A;Normal value
2403040404IND01;RS;REPUBLIC OF SERBIA;1_JD;Public state enterprises;00;2013;62243;RSD;RSD;SORS;Average net earnings;A;Normal value
2403040404IND01;RS;REPUBLIC OF SERBIA;2_JL;Public local enterprises;00;2013;44523;RSD;RSD;SORS;Average net earnings;A;Normal value
2403040404IND01;RS;REPUBLIC OF SERBIA;3_4_5_BK;General government;00;2013;46315;RSD;RSD;SORS;Average net earnings;A;Normal value
2403040404IND01;RS;REPUBLIC OF SERBIA;3_ZS;Health and social work;00;2013;44470;RSD;RSD;SORS;Average net earnings;A;Normal value
2403040404IND01;RS;REPUBLIC OF SERBIA;4_OK;Education and culture;00;2013;43690;RSD;RSD;SORS;Average net earnings;A;Normal value
2403040404IND01;RS;REPUBLIC OF SERBIA;5_AD;Administration - all levels;00;2013;55257;RSD;RSD;SORS;Average net earnings;A;Normal value
2403040404IND01;RS;REPUBLIC OF SERBIA;5_AD2;Administration - government  level;00;2013;;RSD;RSD;SORS;Average net earnings;O;Not available
2403040404IND01;RS;REPUBLIC OF SERBIA;5_AD3;Administration - autonomous  province level;00;2013;;RSD;RSD;SORS;Average net earnings;O;Not available
2403040404IND01;RS;REPUBLIC OF SERBIA;5_AD4;Administration - local authorities’ level;00;2013;;RSD;RSD;SORS;Average net earnings;O;Not available
2403040404IND01;RS;REPUBLIC OF SERBIA;0;Total;00;2014;44530;RSD;RSD;SORS;Average net earnings;A;Normal value
2403040404IND01;RS;REPUBLIC OF SERBIA;0_JP_JD_JL;Public enterprises;00;2014;56945;RSD;RSD;SORS;Average net earnings;A;Normal value
2403040404IND01;RS;REPUBLIC OF SERBIA;0_JS;Public sector;00;2014;49445;RSD;RSD;SORS;Average net earnings;A;Normal value
2403040404IND01;RS;REPUBLIC OF SERBIA;0_VJS;Non-public sector;00;2014;39891;RSD;RSD;SORS;Average net earnings;A;Normal value
2403040404IND01;RS;REPUBLIC OF SERBIA;1_JD;Public state enterprises;00;2014;65635;RSD;RSD;SORS;Average net earnings;A;Normal value
2403040404IND01;RS;REPUBLIC OF SERBIA;2_JL;Public local enterprises;00;2014;44380;RSD;RSD;SORS;Average net earnings;A;Normal value
2403040404IND01;RS;REPUBLIC OF SERBIA;3_4_5_BK;General government;00;2014;46196;RSD;RSD;SORS;Average net earnings;A;Normal value
2403040404IND01;RS;REPUBLIC OF SERBIA;3_ZS;Health and social work;00;2014;44268;RSD;RSD;SORS;Average net earnings;A;Normal value
2403040404IND01;RS;REPUBLIC OF SERBIA;4_OK;Education and culture;00;2014;43936;RSD;RSD;SORS;Average net earnings;A;Normal value
2403040404IND01;RS;REPUBLIC OF SERBIA;5_AD;Administration - all levels;00;2014;54757;RSD;RSD;SORS;Average net earnings;A;Normal value
2403040404IND01;RS;REPUBLIC OF SERBIA;5_AD2;Administration - government  level;00;2014;;RSD;RSD;SORS;Average net earnings;O;Not available
2403040404IND01;RS;REPUBLIC OF SERBIA;5_AD3;Administration - autonomous  province level;00;2014;;RSD;RSD;SORS;Average net earnings;O;Not available
2403040404IND01;RS;REPUBLIC OF SERBIA;5_AD4;Administration - local authorities’ level;00;2014;;RSD;RSD;SORS;Average net earnings;O;Not available
2403040404IND01;RS;REPUBLIC OF SERBIA;0;Total;00;2015;44432;RSD;RSD;SORS;Average net earnings;A;Normal value
2403040404IND01;RS;REPUBLIC OF SERBIA;0_JP_JD_JL;Public enterprises;00;2015;55565;RSD;RSD;SORS;Average net earnings;A;Normal value
2403040404IND01;RS;REPUBLIC OF SERBIA;0_JS;Public sector;00;2015;46721;RSD;RSD;SORS;Average net earnings;A;Normal value
2403040404IND01;RS;REPUBLIC OF SERBIA;0_VJS;Non-public sector;00;2015;42312;RSD;RSD;SORS;Average net earnings;A;Normal value
2403040404IND01;RS;REPUBLIC OF SERBIA;1_JD;Public state enterprises;00;2015;64029;RSD;RSD;SORS;Average net earnings;A;Normal value
2403040404IND01;RS;REPUBLIC OF SERBIA;2_JL;Public local enterprises;00;2015;43717;RSD;RSD;SORS;Average net earnings;A;Normal value
2403040404IND01;RS;REPUBLIC OF SERBIA;3_4_5_BK;General government;00;2015;42817;RSD;RSD;SORS;Average net earnings;A;Normal value
2403040404IND01;RS;REPUBLIC OF SERBIA;3_ZS;Health and social work;00;2015;41210;RSD;RSD;SORS;Average net earnings;A;Normal value
2403040404IND01;RS;REPUBLIC OF SERBIA;4_OK;Education and culture;00;2015;41192;RSD;RSD;SORS;Average net earnings;A;Normal value
2403040404IND01;RS;REPUBLIC OF SERBIA;5_AD;Administration - all levels;00;2015;49480;RSD;RSD;SORS;Average net earnings;A;Normal value
2403040404IND01;RS;REPUBLIC OF SERBIA;5_AD2;Administration - government  level;00;2015;;RSD;RSD;SORS;Average net earnings;O;Not available
2403040404IND01;RS;REPUBLIC OF SERBIA;5_AD3;Administration - autonomous  province level;00;2015;;RSD;RSD;SORS;Average net earnings;O;Not available
2403040404IND01;RS;REPUBLIC OF SERBIA;5_AD4;Administration - local authorities’ level;00;2015;;RSD;RSD;SORS;Average net earnings;O;Not available
2403040404IND01;RS;REPUBLIC OF SERBIA;0;Total;00;2016;46097;RSD;RSD;SORS;Average net earnings;A;Normal value
2403040404IND01;RS;REPUBLIC OF SERBIA;0_JP_JD_JL;Public enterprises;00;2016;57146;RSD;RSD;SORS;Average net earnings;A;Normal value
2403040404IND01;RS;REPUBLIC OF SERBIA;0_JS;Public sector;00;2016;47636;RSD;RSD;SORS;Average net earnings;A;Normal value
2403040404IND01;RS;REPUBLIC OF SERBIA;0_VJS;Non-public sector;00;2016;44702;RSD;RSD;SORS;Average net earnings;A;Normal value
2403040404IND01;RS;REPUBLIC OF SERBIA;1_JD;Public state enterprises;00;2016;65416;RSD;RSD;SORS;Average net earnings;A;Normal value
2403040404IND01;RS;REPUBLIC OF SERBIA;2_JL;Public local enterprises;00;2016;45528;RSD;RSD;SORS;Average net earnings;A;Normal value
2403040404IND01;RS;REPUBLIC OF SERBIA;3_4_5_BK;General government;00;2016;43468;RSD;RSD;SORS;Average net earnings;A;Normal value
2403040404IND01;RS;REPUBLIC OF SERBIA;3_ZS;Health and social work;00;2016;42025;RSD;RSD;SORS;Average net earnings;A;Normal value
2403040404IND01;RS;REPUBLIC OF SERBIA;4_OK;Education and culture;00;2016;41755;RSD;RSD;SORS;Average net earnings;A;Normal value
2403040404IND01;RS;REPUBLIC OF SERBIA;5_AD;Administration - all levels;00;2016;49979;RSD;RSD;SORS;Average net earnings;A;Normal value
2403040404IND01;RS;REPUBLIC OF SERBIA;5_AD2;Administration - government  level;00;2016;;RSD;RSD;SORS;Average net earnings;O;Not available
2403040404IND01;RS;REPUBLIC OF SERBIA;5_AD3;Administration - autonomous  province level;00;2016;;RSD;RSD;SORS;Average net earnings;O;Not available
2403040404IND01;RS;REPUBLIC OF SERBIA;5_AD4;Administration - local authorities’ level;00;2016;;RSD;RSD;SORS;Average net earnings;O;Not available
2403040404IND01;RS;REPUBLIC OF SERBIA;0;Total;00;2017;47893;RSD;RSD;SORS;Average net earnings;A;Normal value
2403040404IND01;RS;REPUBLIC OF SERBIA;0_JP_JD_JL;Public enterprises;00;2017;58328;RSD;RSD;SORS;Average net earnings;A;Normal value
2403040404IND01;RS;REPUBLIC OF SERBIA;0_JS;Public sector;00;2017;48865;RSD;RSD;SORS;Average net earnings;A;Normal value
2403040404IND01;RS;REPUBLIC OF SERBIA;0_VJS;Non-public sector;00;2017;47038;RSD;RSD;SORS;Average net earnings;A;Normal value
2403040404IND01;RS;REPUBLIC OF SERBIA;1_JD;Public state enterprises;00;2017;67422;RSD;RSD;SORS;Average net earnings;A;Normal value
2403040404IND01;RS;REPUBLIC OF SERBIA;2_JL;Public local enterprises;00;2017;45891;RSD;RSD;SORS;Average net earnings;A;Normal value
2403040404IND01;RS;REPUBLIC OF SERBIA;3_4_5_BK;General government;00;2017;44847;RSD;RSD;SORS;Average net earnings;A;Normal value
2403040404IND01;RS;REPUBLIC OF SERBIA;3_ZS;Health and social work;00;2017;43049;RSD;RSD;SORS;Average net earnings;A;Normal value
2403040404IND01;RS;REPUBLIC OF SERBIA;4_OK;Education and culture;00;2017;43612;RSD;RSD;SORS;Average net earnings;A;Normal value
2403040404IND01;RS;REPUBLIC OF SERBIA;5_AD;Administration - all levels;00;2017;51102;RSD;RSD;SORS;Average net earnings;A;Normal value
2403040404IND01;RS;REPUBLIC OF SERBIA;5_AD2;Administration - government  level;00;2017;;RSD;RSD;SORS;Average net earnings;O;Not available
2403040404IND01;RS;REPUBLIC OF SERBIA;5_AD3;Administration - autonomous  province level;00;2017;;RSD;RSD;SORS;Average net earnings;O;Not available
2403040404IND01;RS;REPUBLIC OF SERBIA;5_AD4;Administration - local authorities’ level;00;2017;;RSD;RSD;SORS;Average net earnings;O;Not available
2403040404IND01;RS;REPUBLIC OF SERBIA;0;Total;00;2018;49650;RSD;RSD;SORS;Average net earnings;B;Time series break
2403040404IND01;RS;REPUBLIC OF SERBIA;0_JP_JD_JL;Public enterprises;00;2018;59574;RSD;RSD;SORS;Average net earnings;B;Time series break
2403040404IND01;RS;REPUBLIC OF SERBIA;0_JS;Public sector;00;2018;55423;RSD;RSD;SORS;Average net earnings;B;Time series break
2403040404IND01;RS;REPUBLIC OF SERBIA;0_VJS;Non-public sector;00;2018;46786;RSD;RSD;SORS;Average net earnings;B;Time series break
2403040404IND01;RS;REPUBLIC OF SERBIA;1_JD;Public state enterprises;00;2018;67537;RSD;RSD;SORS;Average net earnings;B;Time series break
2403040404IND01;RS;REPUBLIC OF SERBIA;2_JL;Public local enterprises;00;2018;47772;RSD;RSD;SORS;Average net earnings;B;Time series break
2403040404IND01;RS;REPUBLIC OF SERBIA;3_4_5_BK;General government;00;2018;54043;RSD;RSD;SORS;Average net earnings;B;Time series break
2403040404IND01;RS;REPUBLIC OF SERBIA;3_ZS;Health and social work;00;2018;50222;RSD;RSD;SORS;Average net earnings;B;Time series break
2403040404IND01;RS;REPUBLIC OF SERBIA;4_OK;Education and culture;00;2018;52678;RSD;RSD;SORS;Average net earnings;B;Time series break
2403040404IND01;RS;REPUBLIC OF SERBIA;5_AD;Administration - all levels;00;2018;58752;RSD;RSD;SORS;Average net earnings;B;Time series break
2403040404IND01;RS;REPUBLIC OF SERBIA;5_AD2;Administration - government  level;00;2018;61054;RSD;RSD;SORS;Average net earnings;B;Time series break
2403040404IND01;RS;REPUBLIC OF SERBIA;5_AD3;Administration - autonomous  province level;00;2018;61824;RSD;RSD;SORS;Average net earnings;B;Time series break
2403040404IND01;RS;REPUBLIC OF SERBIA;5_AD4;Administration - local authorities’ level;00;2018;47425;RSD;RSD;SORS;Average net earnings;B;Time series break
2403040404IND01;RS;REPUBLIC OF SERBIA;0;Total;00;2019;54919;RSD;RSD;SORS;Average net earnings;A;Normal value
2403040404IND01;RS;REPUBLIC OF SERBIA;0_JP_JD_JL;Public enterprises;00;2019;65489;RSD;RSD;SORS;Average net earnings;A;Normal value
2403040404IND01;RS;REPUBLIC OF SERBIA;0_JS;Public sector;00;2019;61392;RSD;RSD;SORS;Average net earnings;A;Normal value
2403040404IND01;RS;REPUBLIC OF SERBIA;0_VJS;Non-public sector;00;2019;51917;RSD;RSD;SORS;Average net earnings;A;Normal value
2403040404IND01;RS;REPUBLIC OF SERBIA;1_JD;Public state enterprises;00;2019;75221;RSD;RSD;SORS;Average net earnings;A;Normal value
2403040404IND01;RS;REPUBLIC OF SERBIA;2_JL;Public local enterprises;00;2019;52068;RSD;RSD;SORS;Average net earnings;A;Normal value
2403040404IND01;RS;REPUBLIC OF SERBIA;3_4_5_BK;General government;00;2019;60072;RSD;RSD;SORS;Average net earnings;A;Normal value
2403040404IND01;RS;REPUBLIC OF SERBIA;3_ZS;Health and social work;00;2019;56195;RSD;RSD;SORS;Average net earnings;A;Normal value
2403040404IND01;RS;REPUBLIC OF SERBIA;4_OK;Education and culture;00;2019;58220;RSD;RSD;SORS;Average net earnings;A;Normal value
2403040404IND01;RS;REPUBLIC OF SERBIA;5_AD;Administration - all levels;00;2019;65304;RSD;RSD;SORS;Average net earnings;A;Normal value
2403040404IND01;RS;REPUBLIC OF SERBIA;5_AD2;Administration - government  level;00;2019;67920;RSD;RSD;SORS;Average net earnings;A;Normal value
2403040404IND01;RS;REPUBLIC OF SERBIA;5_AD3;Administration - autonomous  province level;00;2019;69120;RSD;RSD;SORS;Average net earnings;A;Normal value
2403040404IND01;RS;REPUBLIC OF SERBIA;5_AD4;Administration - local authorities’ level;00;2019;52294;RSD;RSD;SORS;Average net earnings;A;Normal value
2403040404IND01;RS;REPUBLIC OF SERBIA;0;Total;00;2020;60073;RSD;RSD;SORS;Average net earnings;A;Normal value
2403040404IND01;RS;REPUBLIC OF SERBIA;0_JP_JD_JL;Public enterprises;00;2020;71486;RSD;RSD;SORS;Average net earnings;A;Normal value
2403040404IND01;RS;REPUBLIC OF SERBIA;0_JS;Public sector;00;2020;67899;RSD;RSD;SORS;Average net earnings;A;Normal value
2403040404IND01;RS;REPUBLIC OF SERBIA;0_VJS;Non-public sector;00;2020;56645;RSD;RSD;SORS;Average net earnings;A;Normal value
2403040404IND01;RS;REPUBLIC OF SERBIA;1_JD;Public state enterprises;00;2020;80119;RSD;RSD;SORS;Average net earnings;A;Normal value
2403040404IND01;RS;REPUBLIC OF SERBIA;2_JL;Public local enterprises;00;2020;59596;RSD;RSD;SORS;Average net earnings;A;Normal value
2403040404IND01;RS;REPUBLIC OF SERBIA;3_4_5_BK;General government;00;2020;66749;RSD;RSD;SORS;Average net earnings;A;Normal value
2403040404IND01;RS;REPUBLIC OF SERBIA;3_ZS;Health and social work;00;2020;66207;RSD;RSD;SORS;Average net earnings;A;Normal value
2403040404IND01;RS;REPUBLIC OF SERBIA;4_OK;Education and culture;00;2020;62965;RSD;RSD;SORS;Average net earnings;A;Normal value
2403040404IND01;RS;REPUBLIC OF SERBIA;5_AD;Administration - all levels;00;2020;70721;RSD;RSD;SORS;Average net earnings;A;Normal value
2403040404IND01;RS;REPUBLIC OF SERBIA;5_AD2;Administration - government  level;00;2020;73534;RSD;RSD;SORS;Average net earnings;A;Normal value
2403040404IND01;RS;REPUBLIC OF SERBIA;5_AD3;Administration - autonomous  province level;00;2020;76563;RSD;RSD;SORS;Average net earnings;A;Normal value
2403040404IND01;RS;REPUBLIC OF SERBIA;5_AD4;Administration - local authorities’ level;00;2020;56632;RSD;RSD;SORS;Average net earnings;A;Normal value
2403040404IND01;RS;REPUBLIC OF SERBIA;0;Total;00;2021;65864;RSD;RSD;SORS;Average net earnings;A;Normal value
2403040404IND01;RS;REPUBLIC OF SERBIA;0_JP_JD_JL;Public enterprises;00;2021;74576;RSD;RSD;SORS;Average net earnings;A;Normal value
2403040404IND01;RS;REPUBLIC OF SERBIA;0_JS;Public sector;00;2021;72674;RSD;RSD;SORS;Average net earnings;A;Normal value
2403040404IND01;RS;REPUBLIC OF SERBIA;0_VJS;Non-public sector;00;2021;62987;RSD;RSD;SORS;Average net earnings;A;Normal value
2403040404IND01;RS;REPUBLIC OF SERBIA;1_JD;Public state enterprises;00;2021;82787;RSD;RSD;SORS;Average net earnings;A;Normal value
2403040404IND01;RS;REPUBLIC OF SERBIA;2_JL;Public local enterprises;00;2021;63183;RSD;RSD;SORS;Average net earnings;A;Normal value
2403040404IND01;RS;REPUBLIC OF SERBIA;3_4_5_BK;General government;00;2021;72069;RSD;RSD;SORS;Average net earnings;A;Normal value
2403040404IND01;RS;REPUBLIC OF SERBIA;3_ZS;Health and social work;00;2021;73981;RSD;RSD;SORS;Average net earnings;A;Normal value
2403040404IND01;RS;REPUBLIC OF SERBIA;4_OK;Education and culture;00;2021;66323;RSD;RSD;SORS;Average net earnings;A;Normal value
2403040404IND01;RS;REPUBLIC OF SERBIA;5_AD;Administration - all levels;00;2021;75648;RSD;RSD;SORS;Average net earnings;A;Normal value
2403040404IND01;RS;REPUBLIC OF SERBIA;5_AD2;Administration - government  level;00;2021;78775;RSD;RSD;SORS;Average net earnings;A;Normal value
2403040404IND01;RS;REPUBLIC OF SERBIA;5_AD3;Administration - autonomous  province level;00;2021;80729;RSD;RSD;SORS;Average net earnings;A;Normal value
2403040404IND01;RS;REPUBLIC OF SERBIA;5_AD4;Administration - local authorities’ level;00;2021;60139;RSD;RSD;SORS;Average net earnings;A;Normal value
2403040404IND01;RS;REPUBLIC OF SERBIA;0;Total;00;2022;74933;RSD;RSD;SORS;Average net earnings;A;Normal value
2403040404IND01;RS;REPUBLIC OF SERBIA;0_JP_JD_JL;Public enterprises;00;2022;80131;RSD;RSD;SORS;Average net earnings;A;Normal value
2403040404IND01;RS;REPUBLIC OF SERBIA;0_JS;Public sector;00;2022;77951;RSD;RSD;SORS;Average net earnings;A;Normal value
2403040404IND01;RS;REPUBLIC OF SERBIA;0_VJS;Non-public sector;00;2022;73677;RSD;RSD;SORS;Average net earnings;A;Normal value
2403040404IND01;RS;REPUBLIC OF SERBIA;1_JD;Public state enterprises;00;2022;88362;RSD;RSD;SORS;Average net earnings;A;Normal value
2403040404IND01;RS;REPUBLIC OF SERBIA;2_JL;Public local enterprises;00;2022;68790;RSD;RSD;SORS;Average net earnings;A;Normal value
2403040404IND01;RS;REPUBLIC OF SERBIA;3_4_5_BK;General government;00;2022;77263;RSD;RSD;SORS;Average net earnings;A;Normal value
2403040404IND01;RS;REPUBLIC OF SERBIA;3_ZS;Health and social work;00;2022;78177;RSD;RSD;SORS;Average net earnings;A;Normal value
2403040404IND01;RS;REPUBLIC OF SERBIA;4_OK;Education and culture;00;2022;71124;RSD;RSD;SORS;Average net earnings;A;Normal value
2403040404IND01;RS;REPUBLIC OF SERBIA;5_AD;Administration - all levels;00;2022;82094;RSD;RSD;SORS;Average net earnings;A;Normal value
2403040404IND01;RS;REPUBLIC OF SERBIA;5_AD2;Administration - government  level;00;2022;85493;RSD;RSD;SORS;Average net earnings;A;Normal value
2403040404IND01;RS;REPUBLIC OF SERBIA;5_AD3;Administration - autonomous  province level;00;2022;86841;RSD;RSD;SORS;Average net earnings;A;Normal value
2403040404IND01;RS;REPUBLIC OF SERBIA;5_AD4;Administration - local authorities’ level;00;2022;65182;RSD;RSD;SORS;Average net earnings;A;Normal value
2403040404IND01;RS;REPUBLIC OF SERBIA;0;Total;00;2023;86007;RSD;RSD;SORS;Average net earnings;A;Normal value
2403040404IND01;RS;REPUBLIC OF SERBIA;0_JP_JD_JL;Public enterprises;00;2023;90390;RSD;RSD;SORS;Average net earnings;A;Normal value
2403040404IND01;RS;REPUBLIC OF SERBIA;0_JS;Public sector;00;2023;88332;RSD;RSD;SORS;Average net earnings;A;Normal value
2403040404IND01;RS;REPUBLIC OF SERBIA;0_VJS;Non-public sector;00;2023;85068;RSD;RSD;SORS;Average net earnings;A;Normal value
2403040404IND01;RS;REPUBLIC OF SERBIA;1_JD;Public state enterprises;00;2023;98855;RSD;RSD;SORS;Average net earnings;A;Normal value
2403040404IND01;RS;REPUBLIC OF SERBIA;2_JL;Public local enterprises;00;2023;78849;RSD;RSD;SORS;Average net earnings;A;Normal value
2403040404IND01;RS;REPUBLIC OF SERBIA;3_4_5_BK;General government;00;2023;87688;RSD;RSD;SORS;Average net earnings;A;Normal value
2403040404IND01;RS;REPUBLIC OF SERBIA;3_ZS;Health and social work;00;2023;86760;RSD;RSD;SORS;Average net earnings;A;Normal value
2403040404IND01;RS;REPUBLIC OF SERBIA;4_OK;Education and culture;00;2023;81123;RSD;RSD;SORS;Average net earnings;A;Normal value
2403040404IND01;RS;REPUBLIC OF SERBIA;5_AD;Administration - all levels;00;2023;94612;RSD;RSD;SORS;Average net earnings;A;Normal value
2403040404IND01;RS;REPUBLIC OF SERBIA;5_AD2;Administration - government  level;00;2023;98724;RSD;RSD;SORS;Average net earnings;A;Normal value
2403040404IND01;RS;REPUBLIC OF SERBIA;5_AD3;Administration - autonomous  province level;00;2023;101007;RSD;RSD;SORS;Average net earnings;A;Normal value
2403040404IND01;RS;REPUBLIC OF SERBIA;5_AD4;Administration - local authorities’ level;00;2023;74095;RSD;RSD;SORS;Average net earnings;A;Normal value
2403040404IND01;RS;REPUBLIC OF SERBIA;0;Total;00;2024;98143;RSD;RSD;SORS;Average net earnings;A;Normal value
2403040404IND01;RS;REPUBLIC OF SERBIA;0_JP_JD_JL;Public enterprises;00;2024;102539;RSD;RSD;SORS;Average net earnings;A;Normal value
2403040404IND01;RS;REPUBLIC OF SERBIA;0_JS;Public sector;00;2024;100570;RSD;RSD;SORS;Average net earnings;A;Normal value
2403040404IND01;RS;REPUBLIC OF SERBIA;0_VJS;Non-public sector;00;2024;97166;RSD;RSD;SORS;Average net earnings;A;Normal value
2403040404IND01;RS;REPUBLIC OF SERBIA;1_JD;Public state enterprises;00;2024;111206;RSD;RSD;SORS;Average net earnings;A;Normal value
2403040404IND01;RS;REPUBLIC OF SERBIA;2_JL;Public local enterprises;00;2024;90797;RSD;RSD;SORS;Average net earnings;A;Normal value
2403040404IND01;RS;REPUBLIC OF SERBIA;3_4_5_BK;General government;00;2024;99963;RSD;RSD;SORS;Average net earnings;A;Normal value
2403040404IND01;RS;REPUBLIC OF SERBIA;3_ZS;Health and social work;00;2024;98316;RSD;RSD;SORS;Average net earnings;A;Normal value
2403040404IND01;RS;REPUBLIC OF SERBIA;4_OK;Education and culture;00;2024;94044;RSD;RSD;SORS;Average net earnings;A;Normal value
2403040404IND01;RS;REPUBLIC OF SERBIA;5_AD;Administration - all levels;00;2024;106996;RSD;RSD;SORS;Average net earnings;A;Normal value
2403040404IND01;RS;REPUBLIC OF SERBIA;5_AD2;Administration - government  level;00;2024;111671;RSD;RSD;SORS;Average net earnings;A;Normal value
2403040404IND01;RS;REPUBLIC OF SERBIA;5_AD3;Administration - autonomous  province level;00;2024;107865;RSD;RSD;SORS;Average net earnings;A;Normal value
2403040404IND01;RS;REPUBLIC OF SERBIA;5_AD4;Administration - local authorities’ level;00;2024;83745;RSD;RSD;SORS;Average net earnings;A;Normal value
2403040404IND01;RS;REPUBLIC OF SERBIA;0;Total;00;2025;109462;RSD;RSD;SORS;Average net earnings;A;Normal value
2403040404IND01;RS;REPUBLIC OF SERBIA;0_JP_JD_JL;Public enterprises;00;2025;115297;RSD;RSD;SORS;Average net earnings;A;Normal value
2403040404IND01;RS;REPUBLIC OF SERBIA;0_JS;Public sector;00;2025;112711;RSD;RSD;SORS;Average net earnings;A;Normal value
2403040404IND01;RS;REPUBLIC OF SERBIA;0_VJS;Non-public sector;00;2025;108165;RSD;RSD;SORS;Average net earnings;A;Normal value
2403040404IND01;RS;REPUBLIC OF SERBIA;1_JD;Public state enterprises;00;2025;123773;RSD;RSD;SORS;Average net earnings;A;Normal value
2403040404IND01;RS;REPUBLIC OF SERBIA;2_JL;Public local enterprises;00;2025;103816;RSD;RSD;SORS;Average net earnings;A;Normal value
2403040404IND01;RS;REPUBLIC OF SERBIA;3_4_5_BK;General government;00;2025;111922;RSD;RSD;SORS;Average net earnings;A;Normal value
2403040404IND01;RS;REPUBLIC OF SERBIA;3_ZS;Health and social work;00;2025;109076;RSD;RSD;SORS;Average net earnings;A;Normal value
2403040404IND01;RS;REPUBLIC OF SERBIA;4_OK;Education and culture;00;2025;106892;RSD;RSD;SORS;Average net earnings;A;Normal value
2403040404IND01;RS;REPUBLIC OF SERBIA;5_AD;Administration - all levels;00;2025;119385;RSD;RSD;SORS;Average net earnings;A;Normal value
2403040404IND01;RS;REPUBLIC OF SERBIA;5_AD2;Administration - government  level;00;2025;124425;RSD;RSD;SORS;Average net earnings;A;Normal value
2403040404IND01;RS;REPUBLIC OF SERBIA;5_AD3;Administration - autonomous  province level;00;2025;117246;RSD;RSD;SORS;Average net earnings;A;Normal value
2403040404IND01;RS;REPUBLIC OF SERBIA;5_AD4;Administration - local authorities’ level;00;2025;94405;RSD;RSD;SORS;Average net earnings;A;Normal value
