idindikator;IDTer;nTer;IDModalitetZarZap;nModalitetZarZap;mes;god;vrednost;idJedinicaMere;nJedinicaMere;nIzvorI;Indikator;IDStatusPodatka;nStatusPodatka
2403040105IND01;RS;REPUBLIC OF SERBIA;0;Total;01;2018;50048;RSD;RSD;SORS;Average net earnings;A;Normal value
2403040105IND01;RS;REPUBLIC OF SERBIA;1;Salaries and wages of employees with indefinite or fixed-term employment contract;01;2018;50328;RSD;RSD;SORS;Average net earnings;A;Normal value
2403040105IND01;RS;REPUBLIC OF SERBIA;2;Salaries and wages of employees in temporary and occasional employment;01;2018;33155;RSD;RSD;SORS;Average net earnings;A;Normal value
2403040105IND01;RS;REPUBLIC OF SERBIA;0;Total;01;2019;54521;RSD;RSD;SORS;Average net earnings;A;Normal value
2403040105IND01;RS;REPUBLIC OF SERBIA;1;Salaries and wages of employees with indefinite or fixed-term employment contract;01;2019;54836;RSD;RSD;SORS;Average net earnings;A;Normal value
2403040105IND01;RS;REPUBLIC OF SERBIA;2;Salaries and wages of employees in temporary and occasional employment;01;2019;35417;RSD;RSD;SORS;Average net earnings;A;Normal value
2403040105IND01;RS;REPUBLIC OF SERBIA;0;Total;01;2020;59941;RSD;RSD;SORS;Average net earnings;A;Normal value
2403040105IND01;RS;REPUBLIC OF SERBIA;1;Salaries and wages of employees with indefinite or fixed-term employment contract;01;2020;60258;RSD;RSD;SORS;Average net earnings;A;Normal value
2403040105IND01;RS;REPUBLIC OF SERBIA;2;Salaries and wages of employees in temporary and occasional employment;01;2020;38422;RSD;RSD;SORS;Average net earnings;A;Normal value
2403040105IND01;RS;REPUBLIC OF SERBIA;0;Total;01;2021;63109;RSD;RSD;SORS;Average net earnings;A;Normal value
2403040105IND01;RS;REPUBLIC OF SERBIA;1;Salaries and wages of employees with indefinite or fixed-term employment contract;01;2021;63380;RSD;RSD;SORS;Average net earnings;A;Normal value
2403040105IND01;RS;REPUBLIC OF SERBIA;2;Salaries and wages of employees in temporary and occasional employment;01;2021;40243;RSD;RSD;SORS;Average net earnings;A;Normal value
2403040105IND01;RS;REPUBLIC OF SERBIA;0;Total;01;2022;70920;RSD;RSD;SORS;Average net earnings;A;Normal value
2403040105IND01;RS;REPUBLIC OF SERBIA;1;Salaries and wages of employees with indefinite or fixed-term employment contract;01;2022;71225;RSD;RSD;SORS;Average net earnings;A;Normal value
2403040105IND01;RS;REPUBLIC OF SERBIA;2;Salaries and wages of employees in temporary and occasional employment;01;2022;43617;RSD;RSD;SORS;Average net earnings;A;Normal value
2403040105IND01;RS;REPUBLIC OF SERBIA;0;Total;01;2023;82769;RSD;RSD;SORS;Average net earnings;A;Normal value
2403040105IND01;RS;REPUBLIC OF SERBIA;1;Salaries and wages of employees with indefinite or fixed-term employment contract;01;2023;83110;RSD;RSD;SORS;Average net earnings;A;Normal value
2403040105IND01;RS;REPUBLIC OF SERBIA;2;Salaries and wages of employees in temporary and occasional employment;01;2023;49024;RSD;RSD;SORS;Average net earnings;A;Normal value
2403040105IND01;RS;REPUBLIC OF SERBIA;0;Total;01;2024;95836;RSD;RSD;SORS;Average net earnings;A;Normal value
2403040105IND01;RS;REPUBLIC OF SERBIA;1;Salaries and wages of employees with indefinite or fixed-term employment contract;01;2024;96202;RSD;RSD;SORS;Average net earnings;A;Normal value
2403040105IND01;RS;REPUBLIC OF SERBIA;2;Salaries and wages of employees in temporary and occasional employment;01;2024;58512;RSD;RSD;SORS;Average net earnings;A;Normal value
2403040105IND01;RS;REPUBLIC OF SERBIA;0;Total;01;2025;107476;RSD;RSD;SORS;Average net earnings;A;Normal value
2403040105IND01;RS;REPUBLIC OF SERBIA;1;Salaries and wages of employees with indefinite or fixed-term employment contract;01;2025;107863;RSD;RSD;SORS;Average net earnings;A;Normal value
2403040105IND01;RS;REPUBLIC OF SERBIA;2;Salaries and wages of employees in temporary and occasional employment;01;2025;66724;RSD;RSD;SORS;Average net earnings;A;Normal value
2403040105IND01;RS;REPUBLIC OF SERBIA;0;Total;01;2026;118429;RSD;RSD;SORS;Average net earnings;A;Normal value
2403040105IND01;RS;REPUBLIC OF SERBIA;1;Salaries and wages of employees with indefinite or fixed-term employment contract;01;2026;118846;RSD;RSD;SORS;Average net earnings;A;Normal value
2403040105IND01;RS;REPUBLIC OF SERBIA;2;Salaries and wages of employees in temporary and occasional employment;01;2026;73674;RSD;RSD;SORS;Average net earnings;A;Normal value
2403040105IND01;RS;REPUBLIC OF SERBIA;0;Total;02;2018;47819;RSD;RSD;SORS;Average net earnings;A;Normal value
2403040105IND01;RS;REPUBLIC OF SERBIA;1;Salaries and wages of employees with indefinite or fixed-term employment contract;02;2018;48102;RSD;RSD;SORS;Average net earnings;A;Normal value
2403040105IND01;RS;REPUBLIC OF SERBIA;2;Salaries and wages of employees in temporary and occasional employment;02;2018;31669;RSD;RSD;SORS;Average net earnings;A;Normal value
2403040105IND01;RS;REPUBLIC OF SERBIA;0;Total;02;2019;52426;RSD;RSD;SORS;Average net earnings;A;Normal value
2403040105IND01;RS;REPUBLIC OF SERBIA;1;Salaries and wages of employees with indefinite or fixed-term employment contract;02;2019;52753;RSD;RSD;SORS;Average net earnings;A;Normal value
2403040105IND01;RS;REPUBLIC OF SERBIA;2;Salaries and wages of employees in temporary and occasional employment;02;2019;33876;RSD;RSD;SORS;Average net earnings;A;Normal value
2403040105IND01;RS;REPUBLIC OF SERBIA;0;Total;02;2020;58132;RSD;RSD;SORS;Average net earnings;A;Normal value
2403040105IND01;RS;REPUBLIC OF SERBIA;1;Salaries and wages of employees with indefinite or fixed-term employment contract;02;2020;58472;RSD;RSD;SORS;Average net earnings;A;Normal value
2403040105IND01;RS;REPUBLIC OF SERBIA;2;Salaries and wages of employees in temporary and occasional employment;02;2020;36898;RSD;RSD;SORS;Average net earnings;A;Normal value
2403040105IND01;RS;REPUBLIC OF SERBIA;0;Total;02;2021;62280;RSD;RSD;SORS;Average net earnings;A;Normal value
2403040105IND01;RS;REPUBLIC OF SERBIA;1;Salaries and wages of employees with indefinite or fixed-term employment contract;02;2021;62566;RSD;RSD;SORS;Average net earnings;A;Normal value
2403040105IND01;RS;REPUBLIC OF SERBIA;2;Salaries and wages of employees in temporary and occasional employment;02;2021;39290;RSD;RSD;SORS;Average net earnings;A;Normal value
2403040105IND01;RS;REPUBLIC OF SERBIA;0;Total;02;2022;70605;RSD;RSD;SORS;Average net earnings;A;Normal value
2403040105IND01;RS;REPUBLIC OF SERBIA;1;Salaries and wages of employees with indefinite or fixed-term employment contract;02;2022;70938;RSD;RSD;SORS;Average net earnings;A;Normal value
2403040105IND01;RS;REPUBLIC OF SERBIA;2;Salaries and wages of employees in temporary and occasional employment;02;2022;43025;RSD;RSD;SORS;Average net earnings;A;Normal value
2403040105IND01;RS;REPUBLIC OF SERBIA;0;Total;02;2023;81359;RSD;RSD;SORS;Average net earnings;A;Normal value
2403040105IND01;RS;REPUBLIC OF SERBIA;1;Salaries and wages of employees with indefinite or fixed-term employment contract;02;2023;81727;RSD;RSD;SORS;Average net earnings;A;Normal value
2403040105IND01;RS;REPUBLIC OF SERBIA;2;Salaries and wages of employees in temporary and occasional employment;02;2023;48404;RSD;RSD;SORS;Average net earnings;A;Normal value
2403040105IND01;RS;REPUBLIC OF SERBIA;0;Total;02;2024;94125;RSD;RSD;SORS;Average net earnings;A;Normal value
2403040105IND01;RS;REPUBLIC OF SERBIA;1;Salaries and wages of employees with indefinite or fixed-term employment contract;02;2024;94529;RSD;RSD;SORS;Average net earnings;A;Normal value
2403040105IND01;RS;REPUBLIC OF SERBIA;2;Salaries and wages of employees in temporary and occasional employment;02;2024;56649;RSD;RSD;SORS;Average net earnings;A;Normal value
2403040105IND01;RS;REPUBLIC OF SERBIA;0;Total;02;2025;103519;RSD;RSD;SORS;Average net earnings;A;Normal value
2403040105IND01;RS;REPUBLIC OF SERBIA;1;Salaries and wages of employees with indefinite or fixed-term employment contract;02;2025;103964;RSD;RSD;SORS;Average net earnings;A;Normal value
2403040105IND01;RS;REPUBLIC OF SERBIA;2;Salaries and wages of employees in temporary and occasional employment;02;2025;61376;RSD;RSD;SORS;Average net earnings;A;Normal value
2403040105IND01;RS;REPUBLIC OF SERBIA;0;Total;02;2026;116127;RSD;RSD;SORS;Average net earnings;A;Normal value
2403040105IND01;RS;REPUBLIC OF SERBIA;1;Salaries and wages of employees with indefinite or fixed-term employment contract;02;2026;116606;RSD;RSD;SORS;Average net earnings;A;Normal value
2403040105IND01;RS;REPUBLIC OF SERBIA;2;Salaries and wages of employees in temporary and occasional employment;02;2026;69982;RSD;RSD;SORS;Average net earnings;A;Normal value
2403040105IND01;RS;REPUBLIC OF SERBIA;0;Total;03;2018;49400;RSD;RSD;SORS;Average net earnings;A;Normal value
2403040105IND01;RS;REPUBLIC OF SERBIA;1;Salaries and wages of employees with indefinite or fixed-term employment contract;03;2018;49697;RSD;RSD;SORS;Average net earnings;A;Normal value
2403040105IND01;RS;REPUBLIC OF SERBIA;2;Salaries and wages of employees in temporary and occasional employment;03;2018;33332;RSD;RSD;SORS;Average net earnings;A;Normal value
2403040105IND01;RS;REPUBLIC OF SERBIA;0;Total;03;2019;54271;RSD;RSD;SORS;Average net earnings;A;Normal value
2403040105IND01;RS;REPUBLIC OF SERBIA;1;Salaries and wages of employees with indefinite or fixed-term employment contract;03;2019;54620;RSD;RSD;SORS;Average net earnings;A;Normal value
2403040105IND01;RS;REPUBLIC OF SERBIA;2;Salaries and wages of employees in temporary and occasional employment;03;2019;35427;RSD;RSD;SORS;Average net earnings;A;Normal value
2403040105IND01;RS;REPUBLIC OF SERBIA;0;Total;03;2020;59681;RSD;RSD;SORS;Average net earnings;A;Normal value
2403040105IND01;RS;REPUBLIC OF SERBIA;1;Salaries and wages of employees with indefinite or fixed-term employment contract;03;2020;59980;RSD;RSD;SORS;Average net earnings;A;Normal value
2403040105IND01;RS;REPUBLIC OF SERBIA;2;Salaries and wages of employees in temporary and occasional employment;03;2020;38298;RSD;RSD;SORS;Average net earnings;A;Normal value
2403040105IND01;RS;REPUBLIC OF SERBIA;0;Total;03;2021;65289;RSD;RSD;SORS;Average net earnings;A;Normal value
2403040105IND01;RS;REPUBLIC OF SERBIA;1;Salaries and wages of employees with indefinite or fixed-term employment contract;03;2021;65580;RSD;RSD;SORS;Average net earnings;A;Normal value
2403040105IND01;RS;REPUBLIC OF SERBIA;2;Salaries and wages of employees in temporary and occasional employment;03;2021;42307;RSD;RSD;SORS;Average net earnings;A;Normal value
2403040105IND01;RS;REPUBLIC OF SERBIA;0;Total;03;2022;74664;RSD;RSD;SORS;Average net earnings;A;Normal value
2403040105IND01;RS;REPUBLIC OF SERBIA;1;Salaries and wages of employees with indefinite or fixed-term employment contract;03;2022;75021;RSD;RSD;SORS;Average net earnings;A;Normal value
2403040105IND01;RS;REPUBLIC OF SERBIA;2;Salaries and wages of employees in temporary and occasional employment;03;2022;46117;RSD;RSD;SORS;Average net earnings;A;Normal value
2403040105IND01;RS;REPUBLIC OF SERBIA;0;Total;03;2023;85485;RSD;RSD;SORS;Average net earnings;A;Normal value
2403040105IND01;RS;REPUBLIC OF SERBIA;1;Salaries and wages of employees with indefinite or fixed-term employment contract;03;2023;85871;RSD;RSD;SORS;Average net earnings;A;Normal value
2403040105IND01;RS;REPUBLIC OF SERBIA;2;Salaries and wages of employees in temporary and occasional employment;03;2023;52673;RSD;RSD;SORS;Average net earnings;A;Normal value
2403040105IND01;RS;REPUBLIC OF SERBIA;0;Total;03;2024;96913;RSD;RSD;SORS;Average net earnings;A;Normal value
2403040105IND01;RS;REPUBLIC OF SERBIA;1;Salaries and wages of employees with indefinite or fixed-term employment contract;03;2024;97358;RSD;RSD;SORS;Average net earnings;A;Normal value
2403040105IND01;RS;REPUBLIC OF SERBIA;2;Salaries and wages of employees in temporary and occasional employment;03;2024;56979;RSD;RSD;SORS;Average net earnings;A;Normal value
2403040105IND01;RS;REPUBLIC OF SERBIA;0;Total;03;2025;108013;RSD;RSD;SORS;Average net earnings;A;Normal value
2403040105IND01;RS;REPUBLIC OF SERBIA;1;Salaries and wages of employees with indefinite or fixed-term employment contract;03;2025;108497;RSD;RSD;SORS;Average net earnings;A;Normal value
2403040105IND01;RS;REPUBLIC OF SERBIA;2;Salaries and wages of employees in temporary and occasional employment;03;2025;63456;RSD;RSD;SORS;Average net earnings;A;Normal value
2403040105IND01;RS;REPUBLIC OF SERBIA;0;Total;04;2018;49117;RSD;RSD;SORS;Average net earnings;A;Normal value
2403040105IND01;RS;REPUBLIC OF SERBIA;1;Salaries and wages of employees with indefinite or fixed-term employment contract;04;2018;49421;RSD;RSD;SORS;Average net earnings;A;Normal value
2403040105IND01;RS;REPUBLIC OF SERBIA;2;Salaries and wages of employees in temporary and occasional employment;04;2018;32403;RSD;RSD;SORS;Average net earnings;A;Normal value
2403040105IND01;RS;REPUBLIC OF SERBIA;0;Total;04;2019;54645;RSD;RSD;SORS;Average net earnings;A;Normal value
2403040105IND01;RS;REPUBLIC OF SERBIA;1;Salaries and wages of employees with indefinite or fixed-term employment contract;04;2019;54978;RSD;RSD;SORS;Average net earnings;A;Normal value
2403040105IND01;RS;REPUBLIC OF SERBIA;2;Salaries and wages of employees in temporary and occasional employment;04;2019;35660;RSD;RSD;SORS;Average net earnings;A;Normal value
2403040105IND01;RS;REPUBLIC OF SERBIA;0;Total;04;2020;58932;RSD;RSD;SORS;Average net earnings;A;Normal value
2403040105IND01;RS;REPUBLIC OF SERBIA;1;Salaries and wages of employees with indefinite or fixed-term employment contract;04;2020;59176;RSD;RSD;SORS;Average net earnings;A;Normal value
2403040105IND01;RS;REPUBLIC OF SERBIA;2;Salaries and wages of employees in temporary and occasional employment;04;2020;38539;RSD;RSD;SORS;Average net earnings;A;Normal value
2403040105IND01;RS;REPUBLIC OF SERBIA;0;Total;04;2021;64948;RSD;RSD;SORS;Average net earnings;A;Normal value
2403040105IND01;RS;REPUBLIC OF SERBIA;1;Salaries and wages of employees with indefinite or fixed-term employment contract;04;2021;65245;RSD;RSD;SORS;Average net earnings;A;Normal value
2403040105IND01;RS;REPUBLIC OF SERBIA;2;Salaries and wages of employees in temporary and occasional employment;04;2021;41214;RSD;RSD;SORS;Average net earnings;A;Normal value
2403040105IND01;RS;REPUBLIC OF SERBIA;0;Total;04;2022;73012;RSD;RSD;SORS;Average net earnings;A;Normal value
2403040105IND01;RS;REPUBLIC OF SERBIA;1;Salaries and wages of employees with indefinite or fixed-term employment contract;04;2022;73372;RSD;RSD;SORS;Average net earnings;A;Normal value
2403040105IND01;RS;REPUBLIC OF SERBIA;2;Salaries and wages of employees in temporary and occasional employment;04;2022;43447;RSD;RSD;SORS;Average net earnings;A;Normal value
2403040105IND01;RS;REPUBLIC OF SERBIA;0;Total;04;2023;83812;RSD;RSD;SORS;Average net earnings;A;Normal value
2403040105IND01;RS;REPUBLIC OF SERBIA;1;Salaries and wages of employees with indefinite or fixed-term employment contract;04;2023;84212;RSD;RSD;SORS;Average net earnings;A;Normal value
2403040105IND01;RS;REPUBLIC OF SERBIA;2;Salaries and wages of employees in temporary and occasional employment;04;2023;48164;RSD;RSD;SORS;Average net earnings;A;Normal value
2403040105IND01;RS;REPUBLIC OF SERBIA;0;Total;04;2024;96614;RSD;RSD;SORS;Average net earnings;A;Normal value
2403040105IND01;RS;REPUBLIC OF SERBIA;1;Salaries and wages of employees with indefinite or fixed-term employment contract;04;2024;97049;RSD;RSD;SORS;Average net earnings;A;Normal value
2403040105IND01;RS;REPUBLIC OF SERBIA;2;Salaries and wages of employees in temporary and occasional employment;04;2024;58580;RSD;RSD;SORS;Average net earnings;A;Normal value
2403040105IND01;RS;REPUBLIC OF SERBIA;0;Total;04;2025;109272;RSD;RSD;SORS;Average net earnings;A;Normal value
2403040105IND01;RS;REPUBLIC OF SERBIA;1;Salaries and wages of employees with indefinite or fixed-term employment contract;04;2025;109734;RSD;RSD;SORS;Average net earnings;A;Normal value
2403040105IND01;RS;REPUBLIC OF SERBIA;2;Salaries and wages of employees in temporary and occasional employment;04;2025;65422;RSD;RSD;SORS;Average net earnings;A;Normal value
2403040105IND01;RS;REPUBLIC OF SERBIA;0;Total;05;2018;50377;RSD;RSD;SORS;Average net earnings;A;Normal value
2403040105IND01;RS;REPUBLIC OF SERBIA;1;Salaries and wages of employees with indefinite or fixed-term employment contract;05;2018;50679;RSD;RSD;SORS;Average net earnings;A;Normal value
2403040105IND01;RS;REPUBLIC OF SERBIA;2;Salaries and wages of employees in temporary and occasional employment;05;2018;34056;RSD;RSD;SORS;Average net earnings;A;Normal value
2403040105IND01;RS;REPUBLIC OF SERBIA;0;Total;05;2019;55380;RSD;RSD;SORS;Average net earnings;A;Normal value
2403040105IND01;RS;REPUBLIC OF SERBIA;1;Salaries and wages of employees with indefinite or fixed-term employment contract;05;2019;55708;RSD;RSD;SORS;Average net earnings;A;Normal value
2403040105IND01;RS;REPUBLIC OF SERBIA;2;Salaries and wages of employees in temporary and occasional employment;05;2019;36503;RSD;RSD;SORS;Average net earnings;A;Normal value
2403040105IND01;RS;REPUBLIC OF SERBIA;0;Total;05;2020;58892;RSD;RSD;SORS;Average net earnings;A;Normal value
2403040105IND01;RS;REPUBLIC OF SERBIA;1;Salaries and wages of employees with indefinite or fixed-term employment contract;05;2020;59161;RSD;RSD;SORS;Average net earnings;A;Normal value
2403040105IND01;RS;REPUBLIC OF SERBIA;2;Salaries and wages of employees in temporary and occasional employment;05;2020;37986;RSD;RSD;SORS;Average net earnings;A;Normal value
2403040105IND01;RS;REPUBLIC OF SERBIA;0;Total;05;2021;65025;RSD;RSD;SORS;Average net earnings;A;Normal value
2403040105IND01;RS;REPUBLIC OF SERBIA;1;Salaries and wages of employees with indefinite or fixed-term employment contract;05;2021;65328;RSD;RSD;SORS;Average net earnings;A;Normal value
2403040105IND01;RS;REPUBLIC OF SERBIA;2;Salaries and wages of employees in temporary and occasional employment;05;2021;40668;RSD;RSD;SORS;Average net earnings;A;Normal value
2403040105IND01;RS;REPUBLIC OF SERBIA;0;Total;05;2022;74168;RSD;RSD;SORS;Average net earnings;A;Normal value
2403040105IND01;RS;REPUBLIC OF SERBIA;1;Salaries and wages of employees with indefinite or fixed-term employment contract;05;2022;74567;RSD;RSD;SORS;Average net earnings;A;Normal value
2403040105IND01;RS;REPUBLIC OF SERBIA;2;Salaries and wages of employees in temporary and occasional employment;05;2022;43751;RSD;RSD;SORS;Average net earnings;A;Normal value
2403040105IND01;RS;REPUBLIC OF SERBIA;0;Total;05;2023;86220;RSD;RSD;SORS;Average net earnings;A;Normal value
2403040105IND01;RS;REPUBLIC OF SERBIA;1;Salaries and wages of employees with indefinite or fixed-term employment contract;05;2023;86611;RSD;RSD;SORS;Average net earnings;A;Normal value
2403040105IND01;RS;REPUBLIC OF SERBIA;2;Salaries and wages of employees in temporary and occasional employment;05;2023;52346;RSD;RSD;SORS;Average net earnings;A;Normal value
2403040105IND01;RS;REPUBLIC OF SERBIA;0;Total;05;2024;100170;RSD;RSD;SORS;Average net earnings;A;Normal value
2403040105IND01;RS;REPUBLIC OF SERBIA;1;Salaries and wages of employees with indefinite or fixed-term employment contract;05;2024;100615;RSD;RSD;SORS;Average net earnings;A;Normal value
2403040105IND01;RS;REPUBLIC OF SERBIA;2;Salaries and wages of employees in temporary and occasional employment;05;2024;59873;RSD;RSD;SORS;Average net earnings;A;Normal value
2403040105IND01;RS;REPUBLIC OF SERBIA;0;Total;05;2025;107705;RSD;RSD;SORS;Average net earnings;A;Normal value
2403040105IND01;RS;REPUBLIC OF SERBIA;1;Salaries and wages of employees with indefinite or fixed-term employment contract;05;2025;108164;RSD;RSD;SORS;Average net earnings;A;Normal value
2403040105IND01;RS;REPUBLIC OF SERBIA;2;Salaries and wages of employees in temporary and occasional employment;05;2025;65760;RSD;RSD;SORS;Average net earnings;A;Normal value
2403040105IND01;RS;REPUBLIC OF SERBIA;0;Total;06;2018;49226;RSD;RSD;SORS;Average net earnings;A;Normal value
2403040105IND01;RS;REPUBLIC OF SERBIA;1;Salaries and wages of employees with indefinite or fixed-term employment contract;06;2018;49595;RSD;RSD;SORS;Average net earnings;A;Normal value
2403040105IND01;RS;REPUBLIC OF SERBIA;2;Salaries and wages of employees in temporary and occasional employment;06;2018;32071;RSD;RSD;SORS;Average net earnings;A;Normal value
2403040105IND01;RS;REPUBLIC OF SERBIA;0;Total;06;2019;53633;RSD;RSD;SORS;Average net earnings;A;Normal value
2403040105IND01;RS;REPUBLIC OF SERBIA;1;Salaries and wages of employees with indefinite or fixed-term employment contract;06;2019;54005;RSD;RSD;SORS;Average net earnings;A;Normal value
2403040105IND01;RS;REPUBLIC OF SERBIA;2;Salaries and wages of employees in temporary and occasional employment;06;2019;34052;RSD;RSD;SORS;Average net earnings;A;Normal value
2403040105IND01;RS;REPUBLIC OF SERBIA;0;Total;06;2020;59740;RSD;RSD;SORS;Average net earnings;A;Normal value
2403040105IND01;RS;REPUBLIC OF SERBIA;1;Salaries and wages of employees with indefinite or fixed-term employment contract;06;2020;60036;RSD;RSD;SORS;Average net earnings;A;Normal value
2403040105IND01;RS;REPUBLIC OF SERBIA;2;Salaries and wages of employees in temporary and occasional employment;06;2020;38596;RSD;RSD;SORS;Average net earnings;A;Normal value
2403040105IND01;RS;REPUBLIC OF SERBIA;0;Total;06;2021;65070;RSD;RSD;SORS;Average net earnings;A;Normal value
2403040105IND01;RS;REPUBLIC OF SERBIA;1;Salaries and wages of employees with indefinite or fixed-term employment contract;06;2021;65383;RSD;RSD;SORS;Average net earnings;A;Normal value
2403040105IND01;RS;REPUBLIC OF SERBIA;2;Salaries and wages of employees in temporary and occasional employment;06;2021;41536;RSD;RSD;SORS;Average net earnings;A;Normal value
2403040105IND01;RS;REPUBLIC OF SERBIA;0;Total;06;2022;74302;RSD;RSD;SORS;Average net earnings;A;Normal value
2403040105IND01;RS;REPUBLIC OF SERBIA;1;Salaries and wages of employees with indefinite or fixed-term employment contract;06;2022;74708;RSD;RSD;SORS;Average net earnings;A;Normal value
2403040105IND01;RS;REPUBLIC OF SERBIA;2;Salaries and wages of employees in temporary and occasional employment;06;2022;44104;RSD;RSD;SORS;Average net earnings;A;Normal value
2403040105IND01;RS;REPUBLIC OF SERBIA;0;Total;06;2023;85539;RSD;RSD;SORS;Average net earnings;A;Normal value
2403040105IND01;RS;REPUBLIC OF SERBIA;1;Salaries and wages of employees with indefinite or fixed-term employment contract;06;2023;85990;RSD;RSD;SORS;Average net earnings;A;Normal value
2403040105IND01;RS;REPUBLIC OF SERBIA;2;Salaries and wages of employees in temporary and occasional employment;06;2023;49667;RSD;RSD;SORS;Average net earnings;A;Normal value
2403040105IND01;RS;REPUBLIC OF SERBIA;0;Total;06;2024;95804;RSD;RSD;SORS;Average net earnings;A;Normal value
2403040105IND01;RS;REPUBLIC OF SERBIA;1;Salaries and wages of employees with indefinite or fixed-term employment contract;06;2024;96244;RSD;RSD;SORS;Average net earnings;A;Normal value
2403040105IND01;RS;REPUBLIC OF SERBIA;2;Salaries and wages of employees in temporary and occasional employment;06;2024;57332;RSD;RSD;SORS;Average net earnings;A;Normal value
2403040105IND01;RS;REPUBLIC OF SERBIA;0;Total;06;2025;107075;RSD;RSD;SORS;Average net earnings;A;Normal value
2403040105IND01;RS;REPUBLIC OF SERBIA;1;Salaries and wages of employees with indefinite or fixed-term employment contract;06;2025;107554;RSD;RSD;SORS;Average net earnings;A;Normal value
2403040105IND01;RS;REPUBLIC OF SERBIA;2;Salaries and wages of employees in temporary and occasional employment;06;2025;64198;RSD;RSD;SORS;Average net earnings;A;Normal value
2403040105IND01;RS;REPUBLIC OF SERBIA;0;Total;07;2018;49202;RSD;RSD;SORS;Average net earnings;A;Normal value
2403040105IND01;RS;REPUBLIC OF SERBIA;1;Salaries and wages of employees with indefinite or fixed-term employment contract;07;2018;49565;RSD;RSD;SORS;Average net earnings;A;Normal value
2403040105IND01;RS;REPUBLIC OF SERBIA;2;Salaries and wages of employees in temporary and occasional employment;07;2018;32099;RSD;RSD;SORS;Average net earnings;A;Normal value
2403040105IND01;RS;REPUBLIC OF SERBIA;0;Total;07;2019;55042;RSD;RSD;SORS;Average net earnings;A;Normal value
2403040105IND01;RS;REPUBLIC OF SERBIA;1;Salaries and wages of employees with indefinite or fixed-term employment contract;07;2019;55404;RSD;RSD;SORS;Average net earnings;A;Normal value
2403040105IND01;RS;REPUBLIC OF SERBIA;2;Salaries and wages of employees in temporary and occasional employment;07;2019;35704;RSD;RSD;SORS;Average net earnings;A;Normal value
2403040105IND01;RS;REPUBLIC OF SERBIA;0;Total;07;2020;60029;RSD;RSD;SORS;Average net earnings;A;Normal value
2403040105IND01;RS;REPUBLIC OF SERBIA;1;Salaries and wages of employees with indefinite or fixed-term employment contract;07;2020;60343;RSD;RSD;SORS;Average net earnings;A;Normal value
2403040105IND01;RS;REPUBLIC OF SERBIA;2;Salaries and wages of employees in temporary and occasional employment;07;2020;38301;RSD;RSD;SORS;Average net earnings;A;Normal value
2403040105IND01;RS;REPUBLIC OF SERBIA;0;Total;07;2021;64731;RSD;RSD;SORS;Average net earnings;A;Normal value
2403040105IND01;RS;REPUBLIC OF SERBIA;1;Salaries and wages of employees with indefinite or fixed-term employment contract;07;2021;65043;RSD;RSD;SORS;Average net earnings;A;Normal value
2403040105IND01;RS;REPUBLIC OF SERBIA;2;Salaries and wages of employees in temporary and occasional employment;07;2021;41397;RSD;RSD;SORS;Average net earnings;A;Normal value
2403040105IND01;RS;REPUBLIC OF SERBIA;0;Total;07;2022;73114;RSD;RSD;SORS;Average net earnings;A;Normal value
2403040105IND01;RS;REPUBLIC OF SERBIA;1;Salaries and wages of employees with indefinite or fixed-term employment contract;07;2022;73506;RSD;RSD;SORS;Average net earnings;A;Normal value
2403040105IND01;RS;REPUBLIC OF SERBIA;2;Salaries and wages of employees in temporary and occasional employment;07;2022;43452;RSD;RSD;SORS;Average net earnings;A;Normal value
2403040105IND01;RS;REPUBLIC OF SERBIA;0;Total;07;2023;83781;RSD;RSD;SORS;Average net earnings;A;Normal value
2403040105IND01;RS;REPUBLIC OF SERBIA;1;Salaries and wages of employees with indefinite or fixed-term employment contract;07;2023;84194;RSD;RSD;SORS;Average net earnings;A;Normal value
2403040105IND01;RS;REPUBLIC OF SERBIA;2;Salaries and wages of employees in temporary and occasional employment;07;2023;49601;RSD;RSD;SORS;Average net earnings;A;Normal value
2403040105IND01;RS;REPUBLIC OF SERBIA;0;Total;07;2024;97835;RSD;RSD;SORS;Average net earnings;A;Normal value
2403040105IND01;RS;REPUBLIC OF SERBIA;1;Salaries and wages of employees with indefinite or fixed-term employment contract;07;2024;98229;RSD;RSD;SORS;Average net earnings;A;Normal value
2403040105IND01;RS;REPUBLIC OF SERBIA;2;Salaries and wages of employees in temporary and occasional employment;07;2024;61372;RSD;RSD;SORS;Average net earnings;A;Normal value
2403040105IND01;RS;REPUBLIC OF SERBIA;0;Total;07;2025;109071;RSD;RSD;SORS;Average net earnings;A;Normal value
2403040105IND01;RS;REPUBLIC OF SERBIA;1;Salaries and wages of employees with indefinite or fixed-term employment contract;07;2025;109506;RSD;RSD;SORS;Average net earnings;A;Normal value
2403040105IND01;RS;REPUBLIC OF SERBIA;2;Salaries and wages of employees in temporary and occasional employment;07;2025;67631;RSD;RSD;SORS;Average net earnings;A;Normal value
2403040105IND01;RS;REPUBLIC OF SERBIA;0;Total;08;2018;49773;RSD;RSD;SORS;Average net earnings;A;Normal value
2403040105IND01;RS;REPUBLIC OF SERBIA;1;Salaries and wages of employees with indefinite or fixed-term employment contract;08;2018;50147;RSD;RSD;SORS;Average net earnings;A;Normal value
2403040105IND01;RS;REPUBLIC OF SERBIA;2;Salaries and wages of employees in temporary and occasional employment;08;2018;32436;RSD;RSD;SORS;Average net earnings;A;Normal value
2403040105IND01;RS;REPUBLIC OF SERBIA;0;Total;08;2019;54115;RSD;RSD;SORS;Average net earnings;A;Normal value
2403040105IND01;RS;REPUBLIC OF SERBIA;1;Salaries and wages of employees with indefinite or fixed-term employment contract;08;2019;54479;RSD;RSD;SORS;Average net earnings;A;Normal value
2403040105IND01;RS;REPUBLIC OF SERBIA;2;Salaries and wages of employees in temporary and occasional employment;08;2019;34590;RSD;RSD;SORS;Average net earnings;A;Normal value
2403040105IND01;RS;REPUBLIC OF SERBIA;0;Total;08;2020;58513;RSD;RSD;SORS;Average net earnings;A;Normal value
2403040105IND01;RS;REPUBLIC OF SERBIA;1;Salaries and wages of employees with indefinite or fixed-term employment contract;08;2020;58833;RSD;RSD;SORS;Average net earnings;A;Normal value
2403040105IND01;RS;REPUBLIC OF SERBIA;2;Salaries and wages of employees in temporary and occasional employment;08;2020;36663;RSD;RSD;SORS;Average net earnings;A;Normal value
2403040105IND01;RS;REPUBLIC OF SERBIA;0;Total;08;2021;64639;RSD;RSD;SORS;Average net earnings;A;Normal value
2403040105IND01;RS;REPUBLIC OF SERBIA;1;Salaries and wages of employees with indefinite or fixed-term employment contract;08;2021;64952;RSD;RSD;SORS;Average net earnings;A;Normal value
2403040105IND01;RS;REPUBLIC OF SERBIA;2;Salaries and wages of employees in temporary and occasional employment;08;2021;41185;RSD;RSD;SORS;Average net earnings;A;Normal value
2403040105IND01;RS;REPUBLIC OF SERBIA;0;Total;08;2022;75282;RSD;RSD;SORS;Average net earnings;A;Normal value
2403040105IND01;RS;REPUBLIC OF SERBIA;1;Salaries and wages of employees with indefinite or fixed-term employment contract;08;2022;75686;RSD;RSD;SORS;Average net earnings;A;Normal value
2403040105IND01;RS;REPUBLIC OF SERBIA;2;Salaries and wages of employees in temporary and occasional employment;08;2022;44308;RSD;RSD;SORS;Average net earnings;A;Normal value
2403040105IND01;RS;REPUBLIC OF SERBIA;0;Total;08;2023;86112;RSD;RSD;SORS;Average net earnings;A;Normal value
2403040105IND01;RS;REPUBLIC OF SERBIA;1;Salaries and wages of employees with indefinite or fixed-term employment contract;08;2023;86474;RSD;RSD;SORS;Average net earnings;A;Normal value
2403040105IND01;RS;REPUBLIC OF SERBIA;2;Salaries and wages of employees in temporary and occasional employment;08;2023;52866;RSD;RSD;SORS;Average net earnings;A;Normal value
2403040105IND01;RS;REPUBLIC OF SERBIA;0;Total;08;2024;96649;RSD;RSD;SORS;Average net earnings;A;Normal value
2403040105IND01;RS;REPUBLIC OF SERBIA;1;Salaries and wages of employees with indefinite or fixed-term employment contract;08;2024;97040;RSD;RSD;SORS;Average net earnings;A;Normal value
2403040105IND01;RS;REPUBLIC OF SERBIA;2;Salaries and wages of employees in temporary and occasional employment;08;2024;60356;RSD;RSD;SORS;Average net earnings;A;Normal value
2403040105IND01;RS;REPUBLIC OF SERBIA;0;Total;08;2025;105590;RSD;RSD;SORS;Average net earnings;A;Normal value
2403040105IND01;RS;REPUBLIC OF SERBIA;1;Salaries and wages of employees with indefinite or fixed-term employment contract;08;2025;106027;RSD;RSD;SORS;Average net earnings;A;Normal value
2403040105IND01;RS;REPUBLIC OF SERBIA;2;Salaries and wages of employees in temporary and occasional employment;08;2025;64353;RSD;RSD;SORS;Average net earnings;A;Normal value
2403040105IND01;RS;REPUBLIC OF SERBIA;0;Total;09;2018;47920;RSD;RSD;SORS;Average net earnings;A;Normal value
2403040105IND01;RS;REPUBLIC OF SERBIA;1;Salaries and wages of employees with indefinite or fixed-term employment contract;09;2018;48296;RSD;RSD;SORS;Average net earnings;A;Normal value
2403040105IND01;RS;REPUBLIC OF SERBIA;2;Salaries and wages of employees in temporary and occasional employment;09;2018;31183;RSD;RSD;SORS;Average net earnings;A;Normal value
2403040105IND01;RS;REPUBLIC OF SERBIA;0;Total;09;2019;53698;RSD;RSD;SORS;Average net earnings;A;Normal value
2403040105IND01;RS;REPUBLIC OF SERBIA;1;Salaries and wages of employees with indefinite or fixed-term employment contract;09;2019;54071;RSD;RSD;SORS;Average net earnings;A;Normal value
2403040105IND01;RS;REPUBLIC OF SERBIA;2;Salaries and wages of employees in temporary and occasional employment;09;2019;34388;RSD;RSD;SORS;Average net earnings;A;Normal value
2403040105IND01;RS;REPUBLIC OF SERBIA;0;Total;09;2020;59698;RSD;RSD;SORS;Average net earnings;A;Normal value
2403040105IND01;RS;REPUBLIC OF SERBIA;1;Salaries and wages of employees with indefinite or fixed-term employment contract;09;2020;60029;RSD;RSD;SORS;Average net earnings;A;Normal value
2403040105IND01;RS;REPUBLIC OF SERBIA;2;Salaries and wages of employees in temporary and occasional employment;09;2020;37572;RSD;RSD;SORS;Average net earnings;A;Normal value
2403040105IND01;RS;REPUBLIC OF SERBIA;0;Total;09;2021;65218;RSD;RSD;SORS;Average net earnings;A;Normal value
2403040105IND01;RS;REPUBLIC OF SERBIA;1;Salaries and wages of employees with indefinite or fixed-term employment contract;09;2021;65562;RSD;RSD;SORS;Average net earnings;A;Normal value
2403040105IND01;RS;REPUBLIC OF SERBIA;2;Salaries and wages of employees in temporary and occasional employment;09;2021;40889;RSD;RSD;SORS;Average net earnings;A;Normal value
2403040105IND01;RS;REPUBLIC OF SERBIA;0;Total;09;2022;74981;RSD;RSD;SORS;Average net earnings;A;Normal value
2403040105IND01;RS;REPUBLIC OF SERBIA;1;Salaries and wages of employees with indefinite or fixed-term employment contract;09;2022;75387;RSD;RSD;SORS;Average net earnings;A;Normal value
2403040105IND01;RS;REPUBLIC OF SERBIA;2;Salaries and wages of employees in temporary and occasional employment;09;2022;44070;RSD;RSD;SORS;Average net earnings;A;Normal value
2403040105IND01;RS;REPUBLIC OF SERBIA;0;Total;09;2023;85066;RSD;RSD;SORS;Average net earnings;A;Normal value
2403040105IND01;RS;REPUBLIC OF SERBIA;1;Salaries and wages of employees with indefinite or fixed-term employment contract;09;2023;85501;RSD;RSD;SORS;Average net earnings;A;Normal value
2403040105IND01;RS;REPUBLIC OF SERBIA;2;Salaries and wages of employees in temporary and occasional employment;09;2023;49685;RSD;RSD;SORS;Average net earnings;A;Normal value
2403040105IND01;RS;REPUBLIC OF SERBIA;0;Total;09;2024;96115;RSD;RSD;SORS;Average net earnings;A;Normal value
2403040105IND01;RS;REPUBLIC OF SERBIA;1;Salaries and wages of employees with indefinite or fixed-term employment contract;09;2024;96541;RSD;RSD;SORS;Average net earnings;A;Normal value
2403040105IND01;RS;REPUBLIC OF SERBIA;2;Salaries and wages of employees in temporary and occasional employment;09;2024;58632;RSD;RSD;SORS;Average net earnings;A;Normal value
2403040105IND01;RS;REPUBLIC OF SERBIA;0;Total;09;2025;109147;RSD;RSD;SORS;Average net earnings;A;Normal value
2403040105IND01;RS;REPUBLIC OF SERBIA;1;Salaries and wages of employees with indefinite or fixed-term employment contract;09;2025;109627;RSD;RSD;SORS;Average net earnings;A;Normal value
2403040105IND01;RS;REPUBLIC OF SERBIA;2;Salaries and wages of employees in temporary and occasional employment;09;2025;66334;RSD;RSD;SORS;Average net earnings;A;Normal value
2403040105IND01;RS;REPUBLIC OF SERBIA;0;Total;10;2018;49901;RSD;RSD;SORS;Average net earnings;A;Normal value
2403040105IND01;RS;REPUBLIC OF SERBIA;1;Salaries and wages of employees with indefinite or fixed-term employment contract;10;2018;50253;RSD;RSD;SORS;Average net earnings;A;Normal value
2403040105IND01;RS;REPUBLIC OF SERBIA;2;Salaries and wages of employees in temporary and occasional employment;10;2018;33515;RSD;RSD;SORS;Average net earnings;A;Normal value
2403040105IND01;RS;REPUBLIC OF SERBIA;0;Total;10;2019;55065;RSD;RSD;SORS;Average net earnings;A;Normal value
2403040105IND01;RS;REPUBLIC OF SERBIA;1;Salaries and wages of employees with indefinite or fixed-term employment contract;10;2019;55409;RSD;RSD;SORS;Average net earnings;A;Normal value
2403040105IND01;RS;REPUBLIC OF SERBIA;2;Salaries and wages of employees in temporary and occasional employment;10;2019;36767;RSD;RSD;SORS;Average net earnings;A;Normal value
2403040105IND01;RS;REPUBLIC OF SERBIA;0;Total;10;2020;60109;RSD;RSD;SORS;Average net earnings;A;Normal value
2403040105IND01;RS;REPUBLIC OF SERBIA;1;Salaries and wages of employees with indefinite or fixed-term employment contract;10;2020;60435;RSD;RSD;SORS;Average net earnings;A;Normal value
2403040105IND01;RS;REPUBLIC OF SERBIA;2;Salaries and wages of employees in temporary and occasional employment;10;2020;38116;RSD;RSD;SORS;Average net earnings;A;Normal value
2403040105IND01;RS;REPUBLIC OF SERBIA;0;Total;10;2021;66048;RSD;RSD;SORS;Average net earnings;A;Normal value
2403040105IND01;RS;REPUBLIC OF SERBIA;1;Salaries and wages of employees with indefinite or fixed-term employment contract;10;2021;66408;RSD;RSD;SORS;Average net earnings;A;Normal value
2403040105IND01;RS;REPUBLIC OF SERBIA;2;Salaries and wages of employees in temporary and occasional employment;10;2021;40539;RSD;RSD;SORS;Average net earnings;A;Normal value
2403040105IND01;RS;REPUBLIC OF SERBIA;0;Total;10;2022;75353;RSD;RSD;SORS;Average net earnings;A;Normal value
2403040105IND01;RS;REPUBLIC OF SERBIA;1;Salaries and wages of employees with indefinite or fixed-term employment contract;10;2022;75748;RSD;RSD;SORS;Average net earnings;A;Normal value
2403040105IND01;RS;REPUBLIC OF SERBIA;2;Salaries and wages of employees in temporary and occasional employment;10;2022;52554;RSD;RSD;SORS;Average net earnings;A;Normal value
2403040105IND01;RS;REPUBLIC OF SERBIA;0;Total;10;2023;86738;RSD;RSD;SORS;Average net earnings;A;Normal value
2403040105IND01;RS;REPUBLIC OF SERBIA;1;Salaries and wages of employees with indefinite or fixed-term employment contract;10;2023;87178;RSD;RSD;SORS;Average net earnings;A;Normal value
2403040105IND01;RS;REPUBLIC OF SERBIA;2;Salaries and wages of employees in temporary and occasional employment;10;2023;52736;RSD;RSD;SORS;Average net earnings;A;Normal value
2403040105IND01;RS;REPUBLIC OF SERBIA;0;Total;10;2024;98538;RSD;RSD;SORS;Average net earnings;A;Normal value
2403040105IND01;RS;REPUBLIC OF SERBIA;1;Salaries and wages of employees with indefinite or fixed-term employment contract;10;2024;98956;RSD;RSD;SORS;Average net earnings;A;Normal value
2403040105IND01;RS;REPUBLIC OF SERBIA;2;Salaries and wages of employees in temporary and occasional employment;10;2024;61798;RSD;RSD;SORS;Average net earnings;A;Normal value
2403040105IND01;RS;REPUBLIC OF SERBIA;0;Total;10;2025;110670;RSD;RSD;SORS;Average net earnings;A;Normal value
2403040105IND01;RS;REPUBLIC OF SERBIA;1;Salaries and wages of employees with indefinite or fixed-term employment contract;10;2025;111109;RSD;RSD;SORS;Average net earnings;A;Normal value
2403040105IND01;RS;REPUBLIC OF SERBIA;2;Salaries and wages of employees in temporary and occasional employment;10;2025;70465;RSD;RSD;SORS;Average net earnings;A;Normal value
2403040105IND01;RS;REPUBLIC OF SERBIA;0;Total;11;2018;50556;RSD;RSD;SORS;Average net earnings;A;Normal value
2403040105IND01;RS;REPUBLIC OF SERBIA;1;Salaries and wages of employees with indefinite or fixed-term employment contract;11;2018;50901;RSD;RSD;SORS;Average net earnings;A;Normal value
2403040105IND01;RS;REPUBLIC OF SERBIA;2;Salaries and wages of employees in temporary and occasional employment;11;2018;33222;RSD;RSD;SORS;Average net earnings;A;Normal value
2403040105IND01;RS;REPUBLIC OF SERBIA;0;Total;11;2019;56331;RSD;RSD;SORS;Average net earnings;A;Normal value
2403040105IND01;RS;REPUBLIC OF SERBIA;1;Salaries and wages of employees with indefinite or fixed-term employment contract;11;2019;56702;RSD;RSD;SORS;Average net earnings;A;Normal value
2403040105IND01;RS;REPUBLIC OF SERBIA;2;Salaries and wages of employees in temporary and occasional employment;11;2019;35284;RSD;RSD;SORS;Average net earnings;A;Normal value
2403040105IND01;RS;REPUBLIC OF SERBIA;0;Total;11;2020;60926;RSD;RSD;SORS;Average net earnings;A;Normal value
2403040105IND01;RS;REPUBLIC OF SERBIA;1;Salaries and wages of employees with indefinite or fixed-term employment contract;11;2020;61227;RSD;RSD;SORS;Average net earnings;A;Normal value
2403040105IND01;RS;REPUBLIC OF SERBIA;2;Salaries and wages of employees in temporary and occasional employment;11;2020;38512;RSD;RSD;SORS;Average net earnings;A;Normal value
2403040105IND01;RS;REPUBLIC OF SERBIA;0;Total;11;2021;69136;RSD;RSD;SORS;Average net earnings;A;Normal value
2403040105IND01;RS;REPUBLIC OF SERBIA;1;Salaries and wages of employees with indefinite or fixed-term employment contract;11;2021;69494;RSD;RSD;SORS;Average net earnings;A;Normal value
2403040105IND01;RS;REPUBLIC OF SERBIA;2;Salaries and wages of employees in temporary and occasional employment;11;2021;42201;RSD;RSD;SORS;Average net earnings;A;Normal value
2403040105IND01;RS;REPUBLIC OF SERBIA;0;Total;11;2022;78326;RSD;RSD;SORS;Average net earnings;A;Normal value
2403040105IND01;RS;REPUBLIC OF SERBIA;1;Salaries and wages of employees with indefinite or fixed-term employment contract;11;2022;78707;RSD;RSD;SORS;Average net earnings;A;Normal value
2403040105IND01;RS;REPUBLIC OF SERBIA;2;Salaries and wages of employees in temporary and occasional employment;11;2022;46850;RSD;RSD;SORS;Average net earnings;A;Normal value
2403040105IND01;RS;REPUBLIC OF SERBIA;0;Total;11;2023;89956;RSD;RSD;SORS;Average net earnings;A;Normal value
2403040105IND01;RS;REPUBLIC OF SERBIA;1;Salaries and wages of employees with indefinite or fixed-term employment contract;11;2023;90411;RSD;RSD;SORS;Average net earnings;A;Normal value
2403040105IND01;RS;REPUBLIC OF SERBIA;2;Salaries and wages of employees in temporary and occasional employment;11;2023;53409;RSD;RSD;SORS;Average net earnings;A;Normal value
2403040105IND01;RS;REPUBLIC OF SERBIA;0;Total;11;2024;100738;RSD;RSD;SORS;Average net earnings;A;Normal value
2403040105IND01;RS;REPUBLIC OF SERBIA;1;Salaries and wages of employees with indefinite or fixed-term employment contract;11;2024;101191;RSD;RSD;SORS;Average net earnings;A;Normal value
2403040105IND01;RS;REPUBLIC OF SERBIA;2;Salaries and wages of employees in temporary and occasional employment;11;2024;59973;RSD;RSD;SORS;Average net earnings;A;Normal value
2403040105IND01;RS;REPUBLIC OF SERBIA;0;Total;11;2025;111987;RSD;RSD;SORS;Average net earnings;A;Normal value
2403040105IND01;RS;REPUBLIC OF SERBIA;1;Salaries and wages of employees with indefinite or fixed-term employment contract;11;2025;112485;RSD;RSD;SORS;Average net earnings;A;Normal value
2403040105IND01;RS;REPUBLIC OF SERBIA;2;Salaries and wages of employees in temporary and occasional employment;11;2025;66682;RSD;RSD;SORS;Average net earnings;A;Normal value
2403040105IND01;RS;REPUBLIC OF SERBIA;0;Total;12;2018;52372;RSD;RSD;SORS;Average net earnings;A;Normal value
2403040105IND01;RS;REPUBLIC OF SERBIA;1;Salaries and wages of employees with indefinite or fixed-term employment contract;12;2018;52690;RSD;RSD;SORS;Average net earnings;A;Normal value
2403040105IND01;RS;REPUBLIC OF SERBIA;2;Salaries and wages of employees in temporary and occasional employment;12;2018;35635;RSD;RSD;SORS;Average net earnings;A;Normal value
2403040105IND01;RS;REPUBLIC OF SERBIA;0;Total;12;2019;59772;RSD;RSD;SORS;Average net earnings;A;Normal value
2403040105IND01;RS;REPUBLIC OF SERBIA;1;Salaries and wages of employees with indefinite or fixed-term employment contract;12;2019;60144;RSD;RSD;SORS;Average net earnings;A;Normal value
2403040105IND01;RS;REPUBLIC OF SERBIA;2;Salaries and wages of employees in temporary and occasional employment;12;2019;37805;RSD;RSD;SORS;Average net earnings;A;Normal value
2403040105IND01;RS;REPUBLIC OF SERBIA;0;Total;12;2020;66092;RSD;RSD;SORS;Average net earnings;A;Normal value
2403040105IND01;RS;REPUBLIC OF SERBIA;1;Salaries and wages of employees with indefinite or fixed-term employment contract;12;2020;66409;RSD;RSD;SORS;Average net earnings;A;Normal value
2403040105IND01;RS;REPUBLIC OF SERBIA;2;Salaries and wages of employees in temporary and occasional employment;12;2020;40924;RSD;RSD;SORS;Average net earnings;A;Normal value
2403040105IND01;RS;REPUBLIC OF SERBIA;0;Total;12;2021;74629;RSD;RSD;SORS;Average net earnings;A;Normal value
2403040105IND01;RS;REPUBLIC OF SERBIA;1;Salaries and wages of employees with indefinite or fixed-term employment contract;12;2021;75014;RSD;RSD;SORS;Average net earnings;A;Normal value
2403040105IND01;RS;REPUBLIC OF SERBIA;2;Salaries and wages of employees in temporary and occasional employment;12;2021;44593;RSD;RSD;SORS;Average net earnings;A;Normal value
2403040105IND01;RS;REPUBLIC OF SERBIA;0;Total;12;2022;84227;RSD;RSD;SORS;Average net earnings;A;Normal value
2403040105IND01;RS;REPUBLIC OF SERBIA;1;Salaries and wages of employees with indefinite or fixed-term employment contract;12;2022;84644;RSD;RSD;SORS;Average net earnings;A;Normal value
2403040105IND01;RS;REPUBLIC OF SERBIA;2;Salaries and wages of employees in temporary and occasional employment;12;2022;48149;RSD;RSD;SORS;Average net earnings;A;Normal value
2403040105IND01;RS;REPUBLIC OF SERBIA;0;Total;12;2023;95093;RSD;RSD;SORS;Average net earnings;A;Normal value
2403040105IND01;RS;REPUBLIC OF SERBIA;1;Salaries and wages of employees with indefinite or fixed-term employment contract;12;2023;95573;RSD;RSD;SORS;Average net earnings;A;Normal value
2403040105IND01;RS;REPUBLIC OF SERBIA;2;Salaries and wages of employees in temporary and occasional employment;12;2023;54013;RSD;RSD;SORS;Average net earnings;A;Normal value
2403040105IND01;RS;REPUBLIC OF SERBIA;0;Total;12;2024;108312;RSD;RSD;SORS;Average net earnings;A;Normal value
2403040105IND01;RS;REPUBLIC OF SERBIA;1;Salaries and wages of employees with indefinite or fixed-term employment contract;12;2024;108824;RSD;RSD;SORS;Average net earnings;A;Normal value
2403040105IND01;RS;REPUBLIC OF SERBIA;2;Salaries and wages of employees in temporary and occasional employment;12;2024;62209;RSD;RSD;SORS;Average net earnings;A;Normal value
2403040105IND01;RS;REPUBLIC OF SERBIA;0;Total;12;2025;124089;RSD;RSD;SORS;Average net earnings;A;Normal value
2403040105IND01;RS;REPUBLIC OF SERBIA;1;Salaries and wages of employees with indefinite or fixed-term employment contract;12;2025;124647;RSD;RSD;SORS;Average net earnings;A;Normal value
2403040105IND01;RS;REPUBLIC OF SERBIA;2;Salaries and wages of employees in temporary and occasional employment;12;2025;72463;RSD;RSD;SORS;Average net earnings;A;Normal value
