idindikator;IDTer;nTer;IDZarStatusPS;nZarStatusPS;mes;god;vrednost;idJedinicaMere;nJedinicaMere;nIzvorI;Indikator;IDStatusPodatka;nStatusPodatka
2403040106IND01;RS;REPUBLIC OF SERBIA;0;Total;01;2018;50048;RSD;RSD;SORS;Average net earnings;A;Normal value
2403040106IND01;RS;REPUBLIC OF SERBIA;1;Salaries and wages of employees at legal entities;01;2018;52959;RSD;RSD;SORS;Average net earnings;A;Normal value
2403040106IND01;RS;REPUBLIC OF SERBIA;2;Salaries and wages of entrepreneurs and their employees;01;2018;27305;RSD;RSD;SORS;Average net earnings;A;Normal value
2403040106IND01;RS;REPUBLIC OF SERBIA;0;Total;01;2019;54521;RSD;RSD;SORS;Average net earnings;A;Normal value
2403040106IND01;RS;REPUBLIC OF SERBIA;1;Salaries and wages of employees at legal entities;01;2019;57870;RSD;RSD;SORS;Average net earnings;A;Normal value
2403040106IND01;RS;REPUBLIC OF SERBIA;2;Salaries and wages of entrepreneurs and their employees;01;2019;29304;RSD;RSD;SORS;Average net earnings;A;Normal value
2403040106IND01;RS;REPUBLIC OF SERBIA;0;Total;01;2020;59941;RSD;RSD;SORS;Average net earnings;A;Normal value
2403040106IND01;RS;REPUBLIC OF SERBIA;1;Salaries and wages of employees at legal entities;01;2020;63669;RSD;RSD;SORS;Average net earnings;A;Normal value
2403040106IND01;RS;REPUBLIC OF SERBIA;2;Salaries and wages of entrepreneurs and their employees;01;2020;32320;RSD;RSD;SORS;Average net earnings;A;Normal value
2403040106IND01;RS;REPUBLIC OF SERBIA;0;Total;01;2021;63109;RSD;RSD;SORS;Average net earnings;A;Normal value
2403040106IND01;RS;REPUBLIC OF SERBIA;1;Salaries and wages of employees at legal entities;01;2021;67349;RSD;RSD;SORS;Average net earnings;A;Normal value
2403040106IND01;RS;REPUBLIC OF SERBIA;2;Salaries and wages of entrepreneurs and their employees;01;2021;32936;RSD;RSD;SORS;Average net earnings;A;Normal value
2403040106IND01;RS;REPUBLIC OF SERBIA;0;Total;01;2022;70920;RSD;RSD;SORS;Average net earnings;A;Normal value
2403040106IND01;RS;REPUBLIC OF SERBIA;1;Salaries and wages of employees at legal entities;01;2022;75685;RSD;RSD;SORS;Average net earnings;A;Normal value
2403040106IND01;RS;REPUBLIC OF SERBIA;2;Salaries and wages of entrepreneurs and their employees;01;2022;36934;RSD;RSD;SORS;Average net earnings;A;Normal value
2403040106IND01;RS;REPUBLIC OF SERBIA;0;Total;01;2023;82769;RSD;RSD;SORS;Average net earnings;A;Normal value
2403040106IND01;RS;REPUBLIC OF SERBIA;1;Salaries and wages of employees at legal entities;01;2023;88262;RSD;RSD;SORS;Average net earnings;A;Normal value
2403040106IND01;RS;REPUBLIC OF SERBIA;2;Salaries and wages of entrepreneurs and their employees;01;2023;42921;RSD;RSD;SORS;Average net earnings;A;Normal value
2403040106IND01;RS;REPUBLIC OF SERBIA;0;Total;01;2024;95836;RSD;RSD;SORS;Average net earnings;A;Normal value
2403040106IND01;RS;REPUBLIC OF SERBIA;1;Salaries and wages of employees at legal entities;01;2024;102028;RSD;RSD;SORS;Average net earnings;A;Normal value
2403040106IND01;RS;REPUBLIC OF SERBIA;2;Salaries and wages of entrepreneurs and their employees;01;2024;50757;RSD;RSD;SORS;Average net earnings;A;Normal value
2403040106IND01;RS;REPUBLIC OF SERBIA;0;Total;01;2025;107476;RSD;RSD;SORS;Average net earnings;A;Normal value
2403040106IND01;RS;REPUBLIC OF SERBIA;1;Salaries and wages of employees at legal entities;01;2025;114464;RSD;RSD;SORS;Average net earnings;A;Normal value
2403040106IND01;RS;REPUBLIC OF SERBIA;2;Salaries and wages of entrepreneurs and their employees;01;2025;57180;RSD;RSD;SORS;Average net earnings;A;Normal value
2403040106IND01;RS;REPUBLIC OF SERBIA;0;Total;01;2026;118429;RSD;RSD;SORS;Average net earnings;A;Normal value
2403040106IND01;RS;REPUBLIC OF SERBIA;1;Salaries and wages of employees at legal entities;01;2026;125899;RSD;RSD;SORS;Average net earnings;A;Normal value
2403040106IND01;RS;REPUBLIC OF SERBIA;2;Salaries and wages of entrepreneurs and their employees;01;2026;64867;RSD;RSD;SORS;Average net earnings;A;Normal value
2403040106IND01;RS;REPUBLIC OF SERBIA;0;Total;02;2018;47819;RSD;RSD;SORS;Average net earnings;A;Normal value
2403040106IND01;RS;REPUBLIC OF SERBIA;1;Salaries and wages of employees at legal entities;02;2018;50664;RSD;RSD;SORS;Average net earnings;A;Normal value
2403040106IND01;RS;REPUBLIC OF SERBIA;2;Salaries and wages of entrepreneurs and their employees;02;2018;25755;RSD;RSD;SORS;Average net earnings;A;Normal value
2403040106IND01;RS;REPUBLIC OF SERBIA;0;Total;02;2019;52426;RSD;RSD;SORS;Average net earnings;A;Normal value
2403040106IND01;RS;REPUBLIC OF SERBIA;1;Salaries and wages of employees at legal entities;02;2019;55746;RSD;RSD;SORS;Average net earnings;A;Normal value
2403040106IND01;RS;REPUBLIC OF SERBIA;2;Salaries and wages of entrepreneurs and their employees;02;2019;27583;RSD;RSD;SORS;Average net earnings;A;Normal value
2403040106IND01;RS;REPUBLIC OF SERBIA;0;Total;02;2020;58132;RSD;RSD;SORS;Average net earnings;A;Normal value
2403040106IND01;RS;REPUBLIC OF SERBIA;1;Salaries and wages of employees at legal entities;02;2020;61833;RSD;RSD;SORS;Average net earnings;A;Normal value
2403040106IND01;RS;REPUBLIC OF SERBIA;2;Salaries and wages of entrepreneurs and their employees;02;2020;30383;RSD;RSD;SORS;Average net earnings;A;Normal value
2403040106IND01;RS;REPUBLIC OF SERBIA;0;Total;02;2021;62280;RSD;RSD;SORS;Average net earnings;A;Normal value
2403040106IND01;RS;REPUBLIC OF SERBIA;1;Salaries and wages of employees at legal entities;02;2021;66501;RSD;RSD;SORS;Average net earnings;A;Normal value
2403040106IND01;RS;REPUBLIC OF SERBIA;2;Salaries and wages of entrepreneurs and their employees;02;2021;32379;RSD;RSD;SORS;Average net earnings;A;Normal value
2403040106IND01;RS;REPUBLIC OF SERBIA;0;Total;02;2022;70605;RSD;RSD;SORS;Average net earnings;A;Normal value
2403040106IND01;RS;REPUBLIC OF SERBIA;1;Salaries and wages of employees at legal entities;02;2022;75332;RSD;RSD;SORS;Average net earnings;A;Normal value
2403040106IND01;RS;REPUBLIC OF SERBIA;2;Salaries and wages of entrepreneurs and their employees;02;2022;36186;RSD;RSD;SORS;Average net earnings;A;Normal value
2403040106IND01;RS;REPUBLIC OF SERBIA;0;Total;02;2023;81359;RSD;RSD;SORS;Average net earnings;A;Normal value
2403040106IND01;RS;REPUBLIC OF SERBIA;1;Salaries and wages of employees at legal entities;02;2023;86859;RSD;RSD;SORS;Average net earnings;A;Normal value
2403040106IND01;RS;REPUBLIC OF SERBIA;2;Salaries and wages of entrepreneurs and their employees;02;2023;41397;RSD;RSD;SORS;Average net earnings;A;Normal value
2403040106IND01;RS;REPUBLIC OF SERBIA;0;Total;02;2024;94125;RSD;RSD;SORS;Average net earnings;A;Normal value
2403040106IND01;RS;REPUBLIC OF SERBIA;1;Salaries and wages of employees at legal entities;02;2024;100344;RSD;RSD;SORS;Average net earnings;A;Normal value
2403040106IND01;RS;REPUBLIC OF SERBIA;2;Salaries and wages of entrepreneurs and their employees;02;2024;48951;RSD;RSD;SORS;Average net earnings;A;Normal value
2403040106IND01;RS;REPUBLIC OF SERBIA;0;Total;02;2025;103519;RSD;RSD;SORS;Average net earnings;A;Normal value
2403040106IND01;RS;REPUBLIC OF SERBIA;1;Salaries and wages of employees at legal entities;02;2025;110481;RSD;RSD;SORS;Average net earnings;A;Normal value
2403040106IND01;RS;REPUBLIC OF SERBIA;2;Salaries and wages of entrepreneurs and their employees;02;2025;53967;RSD;RSD;SORS;Average net earnings;A;Normal value
2403040106IND01;RS;REPUBLIC OF SERBIA;0;Total;02;2026;116127;RSD;RSD;SORS;Average net earnings;A;Normal value
2403040106IND01;RS;REPUBLIC OF SERBIA;1;Salaries and wages of employees at legal entities;02;2026;123624;RSD;RSD;SORS;Average net earnings;A;Normal value
2403040106IND01;RS;REPUBLIC OF SERBIA;2;Salaries and wages of entrepreneurs and their employees;02;2026;62462;RSD;RSD;SORS;Average net earnings;A;Normal value
2403040106IND01;RS;REPUBLIC OF SERBIA;0;Total;03;2018;49400;RSD;RSD;SORS;Average net earnings;A;Normal value
2403040106IND01;RS;REPUBLIC OF SERBIA;1;Salaries and wages of employees at legal entities;03;2018;52329;RSD;RSD;SORS;Average net earnings;A;Normal value
2403040106IND01;RS;REPUBLIC OF SERBIA;2;Salaries and wages of entrepreneurs and their employees;03;2018;26714;RSD;RSD;SORS;Average net earnings;A;Normal value
2403040106IND01;RS;REPUBLIC OF SERBIA;0;Total;03;2019;54271;RSD;RSD;SORS;Average net earnings;A;Normal value
2403040106IND01;RS;REPUBLIC OF SERBIA;1;Salaries and wages of employees at legal entities;03;2019;57779;RSD;RSD;SORS;Average net earnings;A;Normal value
2403040106IND01;RS;REPUBLIC OF SERBIA;2;Salaries and wages of entrepreneurs and their employees;03;2019;28130;RSD;RSD;SORS;Average net earnings;A;Normal value
2403040106IND01;RS;REPUBLIC OF SERBIA;0;Total;03;2020;59681;RSD;RSD;SORS;Average net earnings;A;Normal value
2403040106IND01;RS;REPUBLIC OF SERBIA;1;Salaries and wages of employees at legal entities;03;2020;63501;RSD;RSD;SORS;Average net earnings;A;Normal value
2403040106IND01;RS;REPUBLIC OF SERBIA;2;Salaries and wages of entrepreneurs and their employees;03;2020;31989;RSD;RSD;SORS;Average net earnings;A;Normal value
2403040106IND01;RS;REPUBLIC OF SERBIA;0;Total;03;2021;65289;RSD;RSD;SORS;Average net earnings;A;Normal value
2403040106IND01;RS;REPUBLIC OF SERBIA;1;Salaries and wages of employees at legal entities;03;2021;69680;RSD;RSD;SORS;Average net earnings;A;Normal value
2403040106IND01;RS;REPUBLIC OF SERBIA;2;Salaries and wages of entrepreneurs and their employees;03;2021;34452;RSD;RSD;SORS;Average net earnings;A;Normal value
2403040106IND01;RS;REPUBLIC OF SERBIA;0;Total;03;2022;74664;RSD;RSD;SORS;Average net earnings;A;Normal value
2403040106IND01;RS;REPUBLIC OF SERBIA;1;Salaries and wages of employees at legal entities;03;2022;79602;RSD;RSD;SORS;Average net earnings;A;Normal value
2403040106IND01;RS;REPUBLIC OF SERBIA;2;Salaries and wages of entrepreneurs and their employees;03;2022;38564;RSD;RSD;SORS;Average net earnings;A;Normal value
2403040106IND01;RS;REPUBLIC OF SERBIA;0;Total;03;2023;85485;RSD;RSD;SORS;Average net earnings;A;Normal value
2403040106IND01;RS;REPUBLIC OF SERBIA;1;Salaries and wages of employees at legal entities;03;2023;91223;RSD;RSD;SORS;Average net earnings;A;Normal value
2403040106IND01;RS;REPUBLIC OF SERBIA;2;Salaries and wages of entrepreneurs and their employees;03;2023;43846;RSD;RSD;SORS;Average net earnings;A;Normal value
2403040106IND01;RS;REPUBLIC OF SERBIA;0;Total;03;2024;96913;RSD;RSD;SORS;Average net earnings;A;Normal value
2403040106IND01;RS;REPUBLIC OF SERBIA;1;Salaries and wages of employees at legal entities;03;2024;103531;RSD;RSD;SORS;Average net earnings;A;Normal value
2403040106IND01;RS;REPUBLIC OF SERBIA;2;Salaries and wages of entrepreneurs and their employees;03;2024;48899;RSD;RSD;SORS;Average net earnings;A;Normal value
2403040106IND01;RS;REPUBLIC OF SERBIA;0;Total;03;2025;108013;RSD;RSD;SORS;Average net earnings;A;Normal value
2403040106IND01;RS;REPUBLIC OF SERBIA;1;Salaries and wages of employees at legal entities;03;2025;115454;RSD;RSD;SORS;Average net earnings;A;Normal value
2403040106IND01;RS;REPUBLIC OF SERBIA;2;Salaries and wages of entrepreneurs and their employees;03;2025;55066;RSD;RSD;SORS;Average net earnings;A;Normal value
2403040106IND01;RS;REPUBLIC OF SERBIA;0;Total;04;2018;49117;RSD;RSD;SORS;Average net earnings;A;Normal value
2403040106IND01;RS;REPUBLIC OF SERBIA;1;Salaries and wages of employees at legal entities;04;2018;52093;RSD;RSD;SORS;Average net earnings;A;Normal value
2403040106IND01;RS;REPUBLIC OF SERBIA;2;Salaries and wages of entrepreneurs and their employees;04;2018;26336;RSD;RSD;SORS;Average net earnings;A;Normal value
2403040106IND01;RS;REPUBLIC OF SERBIA;0;Total;04;2019;54645;RSD;RSD;SORS;Average net earnings;A;Normal value
2403040106IND01;RS;REPUBLIC OF SERBIA;1;Salaries and wages of employees at legal entities;04;2019;58132;RSD;RSD;SORS;Average net earnings;A;Normal value
2403040106IND01;RS;REPUBLIC OF SERBIA;2;Salaries and wages of entrepreneurs and their employees;04;2019;28885;RSD;RSD;SORS;Average net earnings;A;Normal value
2403040106IND01;RS;REPUBLIC OF SERBIA;0;Total;04;2020;58932;RSD;RSD;SORS;Average net earnings;A;Normal value
2403040106IND01;RS;REPUBLIC OF SERBIA;1;Salaries and wages of employees at legal entities;04;2020;62648;RSD;RSD;SORS;Average net earnings;A;Normal value
2403040106IND01;RS;REPUBLIC OF SERBIA;2;Salaries and wages of entrepreneurs and their employees;04;2020;32191;RSD;RSD;SORS;Average net earnings;A;Normal value
2403040106IND01;RS;REPUBLIC OF SERBIA;0;Total;04;2021;64948;RSD;RSD;SORS;Average net earnings;A;Normal value
2403040106IND01;RS;REPUBLIC OF SERBIA;1;Salaries and wages of employees at legal entities;04;2021;69429;RSD;RSD;SORS;Average net earnings;A;Normal value
2403040106IND01;RS;REPUBLIC OF SERBIA;2;Salaries and wages of entrepreneurs and their employees;04;2021;33811;RSD;RSD;SORS;Average net earnings;A;Normal value
2403040106IND01;RS;REPUBLIC OF SERBIA;0;Total;04;2022;73012;RSD;RSD;SORS;Average net earnings;A;Normal value
2403040106IND01;RS;REPUBLIC OF SERBIA;1;Salaries and wages of employees at legal entities;04;2022;77932;RSD;RSD;SORS;Average net earnings;A;Normal value
2403040106IND01;RS;REPUBLIC OF SERBIA;2;Salaries and wages of entrepreneurs and their employees;04;2022;37266;RSD;RSD;SORS;Average net earnings;A;Normal value
2403040106IND01;RS;REPUBLIC OF SERBIA;0;Total;04;2023;83812;RSD;RSD;SORS;Average net earnings;A;Normal value
2403040106IND01;RS;REPUBLIC OF SERBIA;1;Salaries and wages of employees at legal entities;04;2023;89674;RSD;RSD;SORS;Average net earnings;A;Normal value
2403040106IND01;RS;REPUBLIC OF SERBIA;2;Salaries and wages of entrepreneurs and their employees;04;2023;41686;RSD;RSD;SORS;Average net earnings;A;Normal value
2403040106IND01;RS;REPUBLIC OF SERBIA;0;Total;04;2024;96614;RSD;RSD;SORS;Average net earnings;A;Normal value
2403040106IND01;RS;REPUBLIC OF SERBIA;1;Salaries and wages of employees at legal entities;04;2024;103125;RSD;RSD;SORS;Average net earnings;A;Normal value
2403040106IND01;RS;REPUBLIC OF SERBIA;2;Salaries and wages of entrepreneurs and their employees;04;2024;49859;RSD;RSD;SORS;Average net earnings;A;Normal value
2403040106IND01;RS;REPUBLIC OF SERBIA;0;Total;04;2025;109272;RSD;RSD;SORS;Average net earnings;A;Normal value
2403040106IND01;RS;REPUBLIC OF SERBIA;1;Salaries and wages of employees at legal entities;04;2025;116706;RSD;RSD;SORS;Average net earnings;A;Normal value
2403040106IND01;RS;REPUBLIC OF SERBIA;2;Salaries and wages of entrepreneurs and their employees;04;2025;56391;RSD;RSD;SORS;Average net earnings;A;Normal value
2403040106IND01;RS;REPUBLIC OF SERBIA;0;Total;05;2018;50377;RSD;RSD;SORS;Average net earnings;A;Normal value
2403040106IND01;RS;REPUBLIC OF SERBIA;1;Salaries and wages of employees at legal entities;05;2018;53397;RSD;RSD;SORS;Average net earnings;A;Normal value
2403040106IND01;RS;REPUBLIC OF SERBIA;2;Salaries and wages of entrepreneurs and their employees;05;2018;27415;RSD;RSD;SORS;Average net earnings;A;Normal value
2403040106IND01;RS;REPUBLIC OF SERBIA;0;Total;05;2019;55380;RSD;RSD;SORS;Average net earnings;A;Normal value
2403040106IND01;RS;REPUBLIC OF SERBIA;1;Salaries and wages of employees at legal entities;05;2019;58892;RSD;RSD;SORS;Average net earnings;A;Normal value
2403040106IND01;RS;REPUBLIC OF SERBIA;2;Salaries and wages of entrepreneurs and their employees;05;2019;29478;RSD;RSD;SORS;Average net earnings;A;Normal value
2403040106IND01;RS;REPUBLIC OF SERBIA;0;Total;05;2020;58892;RSD;RSD;SORS;Average net earnings;A;Normal value
2403040106IND01;RS;REPUBLIC OF SERBIA;1;Salaries and wages of employees at legal entities;05;2020;62679;RSD;RSD;SORS;Average net earnings;A;Normal value
2403040106IND01;RS;REPUBLIC OF SERBIA;2;Salaries and wages of entrepreneurs and their employees;05;2020;32161;RSD;RSD;SORS;Average net earnings;A;Normal value
2403040106IND01;RS;REPUBLIC OF SERBIA;0;Total;05;2021;65025;RSD;RSD;SORS;Average net earnings;A;Normal value
2403040106IND01;RS;REPUBLIC OF SERBIA;1;Salaries and wages of employees at legal entities;05;2021;69578;RSD;RSD;SORS;Average net earnings;A;Normal value
2403040106IND01;RS;REPUBLIC OF SERBIA;2;Salaries and wages of entrepreneurs and their employees;05;2021;33358;RSD;RSD;SORS;Average net earnings;A;Normal value
2403040106IND01;RS;REPUBLIC OF SERBIA;0;Total;05;2022;74168;RSD;RSD;SORS;Average net earnings;A;Normal value
2403040106IND01;RS;REPUBLIC OF SERBIA;1;Salaries and wages of employees at legal entities;05;2022;79115;RSD;RSD;SORS;Average net earnings;A;Normal value
2403040106IND01;RS;REPUBLIC OF SERBIA;2;Salaries and wages of entrepreneurs and their employees;05;2022;38168;RSD;RSD;SORS;Average net earnings;A;Normal value
2403040106IND01;RS;REPUBLIC OF SERBIA;0;Total;05;2023;86220;RSD;RSD;SORS;Average net earnings;A;Normal value
2403040106IND01;RS;REPUBLIC OF SERBIA;1;Salaries and wages of employees at legal entities;05;2023;92058;RSD;RSD;SORS;Average net earnings;A;Normal value
2403040106IND01;RS;REPUBLIC OF SERBIA;2;Salaries and wages of entrepreneurs and their employees;05;2023;44244;RSD;RSD;SORS;Average net earnings;A;Normal value
2403040106IND01;RS;REPUBLIC OF SERBIA;0;Total;05;2024;100170;RSD;RSD;SORS;Average net earnings;A;Normal value
2403040106IND01;RS;REPUBLIC OF SERBIA;1;Salaries and wages of employees at legal entities;05;2024;106942;RSD;RSD;SORS;Average net earnings;A;Normal value
2403040106IND01;RS;REPUBLIC OF SERBIA;2;Salaries and wages of entrepreneurs and their employees;05;2024;51391;RSD;RSD;SORS;Average net earnings;A;Normal value
2403040106IND01;RS;REPUBLIC OF SERBIA;0;Total;05;2025;107705;RSD;RSD;SORS;Average net earnings;A;Normal value
2403040106IND01;RS;REPUBLIC OF SERBIA;1;Salaries and wages of employees at legal entities;05;2025;114916;RSD;RSD;SORS;Average net earnings;A;Normal value
2403040106IND01;RS;REPUBLIC OF SERBIA;2;Salaries and wages of entrepreneurs and their employees;05;2025;56508;RSD;RSD;SORS;Average net earnings;A;Normal value
2403040106IND01;RS;REPUBLIC OF SERBIA;0;Total;06;2018;49226;RSD;RSD;SORS;Average net earnings;A;Normal value
2403040106IND01;RS;REPUBLIC OF SERBIA;1;Salaries and wages of employees at legal entities;06;2018;52262;RSD;RSD;SORS;Average net earnings;A;Normal value
2403040106IND01;RS;REPUBLIC OF SERBIA;2;Salaries and wages of entrepreneurs and their employees;06;2018;26254;RSD;RSD;SORS;Average net earnings;A;Normal value
2403040106IND01;RS;REPUBLIC OF SERBIA;0;Total;06;2019;53633;RSD;RSD;SORS;Average net earnings;A;Normal value
2403040106IND01;RS;REPUBLIC OF SERBIA;1;Salaries and wages of employees at legal entities;06;2019;57163;RSD;RSD;SORS;Average net earnings;A;Normal value
2403040106IND01;RS;REPUBLIC OF SERBIA;2;Salaries and wages of entrepreneurs and their employees;06;2019;27752;RSD;RSD;SORS;Average net earnings;A;Normal value
2403040106IND01;RS;REPUBLIC OF SERBIA;0;Total;06;2020;59740;RSD;RSD;SORS;Average net earnings;A;Normal value
2403040106IND01;RS;REPUBLIC OF SERBIA;1;Salaries and wages of employees at legal entities;06;2020;63729;RSD;RSD;SORS;Average net earnings;A;Normal value
2403040106IND01;RS;REPUBLIC OF SERBIA;2;Salaries and wages of entrepreneurs and their employees;06;2020;31823;RSD;RSD;SORS;Average net earnings;A;Normal value
2403040106IND01;RS;REPUBLIC OF SERBIA;0;Total;06;2021;65070;RSD;RSD;SORS;Average net earnings;A;Normal value
2403040106IND01;RS;REPUBLIC OF SERBIA;1;Salaries and wages of employees at legal entities;06;2021;69576;RSD;RSD;SORS;Average net earnings;A;Normal value
2403040106IND01;RS;REPUBLIC OF SERBIA;2;Salaries and wages of entrepreneurs and their employees;06;2021;33857;RSD;RSD;SORS;Average net earnings;A;Normal value
2403040106IND01;RS;REPUBLIC OF SERBIA;0;Total;06;2022;74302;RSD;RSD;SORS;Average net earnings;A;Normal value
2403040106IND01;RS;REPUBLIC OF SERBIA;1;Salaries and wages of employees at legal entities;06;2022;79283;RSD;RSD;SORS;Average net earnings;A;Normal value
2403040106IND01;RS;REPUBLIC OF SERBIA;2;Salaries and wages of entrepreneurs and their employees;06;2022;38037;RSD;RSD;SORS;Average net earnings;A;Normal value
2403040106IND01;RS;REPUBLIC OF SERBIA;0;Total;06;2023;85539;RSD;RSD;SORS;Average net earnings;A;Normal value
2403040106IND01;RS;REPUBLIC OF SERBIA;1;Salaries and wages of employees at legal entities;06;2023;91430;RSD;RSD;SORS;Average net earnings;A;Normal value
2403040106IND01;RS;REPUBLIC OF SERBIA;2;Salaries and wages of entrepreneurs and their employees;06;2023;43243;RSD;RSD;SORS;Average net earnings;A;Normal value
2403040106IND01;RS;REPUBLIC OF SERBIA;0;Total;06;2024;95804;RSD;RSD;SORS;Average net earnings;A;Normal value
2403040106IND01;RS;REPUBLIC OF SERBIA;1;Salaries and wages of employees at legal entities;06;2024;102453;RSD;RSD;SORS;Average net earnings;A;Normal value
2403040106IND01;RS;REPUBLIC OF SERBIA;2;Salaries and wages of entrepreneurs and their employees;06;2024;48288;RSD;RSD;SORS;Average net earnings;A;Normal value
2403040106IND01;RS;REPUBLIC OF SERBIA;0;Total;06;2025;107075;RSD;RSD;SORS;Average net earnings;A;Normal value
2403040106IND01;RS;REPUBLIC OF SERBIA;1;Salaries and wages of employees at legal entities;06;2025;114363;RSD;RSD;SORS;Average net earnings;A;Normal value
2403040106IND01;RS;REPUBLIC OF SERBIA;2;Salaries and wages of entrepreneurs and their employees;06;2025;55365;RSD;RSD;SORS;Average net earnings;A;Normal value
2403040106IND01;RS;REPUBLIC OF SERBIA;0;Total;07;2018;49202;RSD;RSD;SORS;Average net earnings;A;Normal value
2403040106IND01;RS;REPUBLIC OF SERBIA;1;Salaries and wages of employees at legal entities;07;2018;52172;RSD;RSD;SORS;Average net earnings;A;Normal value
2403040106IND01;RS;REPUBLIC OF SERBIA;2;Salaries and wages of entrepreneurs and their employees;07;2018;26796;RSD;RSD;SORS;Average net earnings;A;Normal value
2403040106IND01;RS;REPUBLIC OF SERBIA;0;Total;07;2019;55042;RSD;RSD;SORS;Average net earnings;A;Normal value
2403040106IND01;RS;REPUBLIC OF SERBIA;1;Salaries and wages of employees at legal entities;07;2019;58527;RSD;RSD;SORS;Average net earnings;A;Normal value
2403040106IND01;RS;REPUBLIC OF SERBIA;2;Salaries and wages of entrepreneurs and their employees;07;2019;29498;RSD;RSD;SORS;Average net earnings;A;Normal value
2403040106IND01;RS;REPUBLIC OF SERBIA;0;Total;07;2020;60029;RSD;RSD;SORS;Average net earnings;A;Normal value
2403040106IND01;RS;REPUBLIC OF SERBIA;1;Salaries and wages of employees at legal entities;07;2020;64062;RSD;RSD;SORS;Average net earnings;A;Normal value
2403040106IND01;RS;REPUBLIC OF SERBIA;2;Salaries and wages of entrepreneurs and their employees;07;2020;32499;RSD;RSD;SORS;Average net earnings;A;Normal value
2403040106IND01;RS;REPUBLIC OF SERBIA;0;Total;07;2021;64731;RSD;RSD;SORS;Average net earnings;A;Normal value
2403040106IND01;RS;REPUBLIC OF SERBIA;1;Salaries and wages of employees at legal entities;07;2021;69216;RSD;RSD;SORS;Average net earnings;A;Normal value
2403040106IND01;RS;REPUBLIC OF SERBIA;2;Salaries and wages of entrepreneurs and their employees;07;2021;33957;RSD;RSD;SORS;Average net earnings;A;Normal value
2403040106IND01;RS;REPUBLIC OF SERBIA;0;Total;07;2022;73114;RSD;RSD;SORS;Average net earnings;A;Normal value
2403040106IND01;RS;REPUBLIC OF SERBIA;1;Salaries and wages of employees at legal entities;07;2022;78034;RSD;RSD;SORS;Average net earnings;A;Normal value
2403040106IND01;RS;REPUBLIC OF SERBIA;2;Salaries and wages of entrepreneurs and their employees;07;2022;37386;RSD;RSD;SORS;Average net earnings;A;Normal value
2403040106IND01;RS;REPUBLIC OF SERBIA;0;Total;07;2023;83781;RSD;RSD;SORS;Average net earnings;A;Normal value
2403040106IND01;RS;REPUBLIC OF SERBIA;1;Salaries and wages of employees at legal entities;07;2023;89540;RSD;RSD;SORS;Average net earnings;A;Normal value
2403040106IND01;RS;REPUBLIC OF SERBIA;2;Salaries and wages of entrepreneurs and their employees;07;2023;42566;RSD;RSD;SORS;Average net earnings;A;Normal value
2403040106IND01;RS;REPUBLIC OF SERBIA;0;Total;07;2024;97835;RSD;RSD;SORS;Average net earnings;A;Normal value
2403040106IND01;RS;REPUBLIC OF SERBIA;1;Salaries and wages of employees at legal entities;07;2024;104365;RSD;RSD;SORS;Average net earnings;A;Normal value
2403040106IND01;RS;REPUBLIC OF SERBIA;2;Salaries and wages of entrepreneurs and their employees;07;2024;51119;RSD;RSD;SORS;Average net earnings;A;Normal value
2403040106IND01;RS;REPUBLIC OF SERBIA;0;Total;07;2025;109071;RSD;RSD;SORS;Average net earnings;A;Normal value
2403040106IND01;RS;REPUBLIC OF SERBIA;1;Salaries and wages of employees at legal entities;07;2025;116294;RSD;RSD;SORS;Average net earnings;A;Normal value
2403040106IND01;RS;REPUBLIC OF SERBIA;2;Salaries and wages of entrepreneurs and their employees;07;2025;57686;RSD;RSD;SORS;Average net earnings;A;Normal value
2403040106IND01;RS;REPUBLIC OF SERBIA;0;Total;08;2018;49773;RSD;RSD;SORS;Average net earnings;A;Normal value
2403040106IND01;RS;REPUBLIC OF SERBIA;1;Salaries and wages of employees at legal entities;08;2018;52750;RSD;RSD;SORS;Average net earnings;A;Normal value
2403040106IND01;RS;REPUBLIC OF SERBIA;2;Salaries and wages of entrepreneurs and their employees;08;2018;27367;RSD;RSD;SORS;Average net earnings;A;Normal value
2403040106IND01;RS;REPUBLIC OF SERBIA;0;Total;08;2019;54115;RSD;RSD;SORS;Average net earnings;A;Normal value
2403040106IND01;RS;REPUBLIC OF SERBIA;1;Salaries and wages of employees at legal entities;08;2019;57558;RSD;RSD;SORS;Average net earnings;A;Normal value
2403040106IND01;RS;REPUBLIC OF SERBIA;2;Salaries and wages of entrepreneurs and their employees;08;2019;28928;RSD;RSD;SORS;Average net earnings;A;Normal value
2403040106IND01;RS;REPUBLIC OF SERBIA;0;Total;08;2020;58513;RSD;RSD;SORS;Average net earnings;A;Normal value
2403040106IND01;RS;REPUBLIC OF SERBIA;1;Salaries and wages of employees at legal entities;08;2020;62527;RSD;RSD;SORS;Average net earnings;A;Normal value
2403040106IND01;RS;REPUBLIC OF SERBIA;2;Salaries and wages of entrepreneurs and their employees;08;2020;31386;RSD;RSD;SORS;Average net earnings;A;Normal value
2403040106IND01;RS;REPUBLIC OF SERBIA;0;Total;08;2021;64639;RSD;RSD;SORS;Average net earnings;A;Normal value
2403040106IND01;RS;REPUBLIC OF SERBIA;1;Salaries and wages of employees at legal entities;08;2021;69121;RSD;RSD;SORS;Average net earnings;A;Normal value
2403040106IND01;RS;REPUBLIC OF SERBIA;2;Salaries and wages of entrepreneurs and their employees;08;2021;34007;RSD;RSD;SORS;Average net earnings;A;Normal value
2403040106IND01;RS;REPUBLIC OF SERBIA;0;Total;08;2022;75282;RSD;RSD;SORS;Average net earnings;A;Normal value
2403040106IND01;RS;REPUBLIC OF SERBIA;1;Salaries and wages of employees at legal entities;08;2022;80258;RSD;RSD;SORS;Average net earnings;A;Normal value
2403040106IND01;RS;REPUBLIC OF SERBIA;2;Salaries and wages of entrepreneurs and their employees;08;2022;38983;RSD;RSD;SORS;Average net earnings;A;Normal value
2403040106IND01;RS;REPUBLIC OF SERBIA;0;Total;08;2023;86112;RSD;RSD;SORS;Average net earnings;A;Normal value
2403040106IND01;RS;REPUBLIC OF SERBIA;1;Salaries and wages of employees at legal entities;08;2023;91942;RSD;RSD;SORS;Average net earnings;A;Normal value
2403040106IND01;RS;REPUBLIC OF SERBIA;2;Salaries and wages of entrepreneurs and their employees;08;2023;44273;RSD;RSD;SORS;Average net earnings;A;Normal value
2403040106IND01;RS;REPUBLIC OF SERBIA;0;Total;08;2024;96649;RSD;RSD;SORS;Average net earnings;A;Normal value
2403040106IND01;RS;REPUBLIC OF SERBIA;1;Salaries and wages of employees at legal entities;08;2024;103116;RSD;RSD;SORS;Average net earnings;A;Normal value
2403040106IND01;RS;REPUBLIC OF SERBIA;2;Salaries and wages of entrepreneurs and their employees;08;2024;50279;RSD;RSD;SORS;Average net earnings;A;Normal value
2403040106IND01;RS;REPUBLIC OF SERBIA;0;Total;08;2025;105590;RSD;RSD;SORS;Average net earnings;A;Normal value
2403040106IND01;RS;REPUBLIC OF SERBIA;1;Salaries and wages of employees at legal entities;08;2025;112649;RSD;RSD;SORS;Average net earnings;A;Normal value
2403040106IND01;RS;REPUBLIC OF SERBIA;2;Salaries and wages of entrepreneurs and their employees;08;2025;55478;RSD;RSD;SORS;Average net earnings;A;Normal value
2403040106IND01;RS;REPUBLIC OF SERBIA;0;Total;09;2018;47920;RSD;RSD;SORS;Average net earnings;A;Normal value
2403040106IND01;RS;REPUBLIC OF SERBIA;1;Salaries and wages of employees at legal entities;09;2018;50864;RSD;RSD;SORS;Average net earnings;A;Normal value
2403040106IND01;RS;REPUBLIC OF SERBIA;2;Salaries and wages of entrepreneurs and their employees;09;2018;25818;RSD;RSD;SORS;Average net earnings;A;Normal value
2403040106IND01;RS;REPUBLIC OF SERBIA;0;Total;09;2019;53698;RSD;RSD;SORS;Average net earnings;A;Normal value
2403040106IND01;RS;REPUBLIC OF SERBIA;1;Salaries and wages of employees at legal entities;09;2019;57147;RSD;RSD;SORS;Average net earnings;A;Normal value
2403040106IND01;RS;REPUBLIC OF SERBIA;2;Salaries and wages of entrepreneurs and their employees;09;2019;28454;RSD;RSD;SORS;Average net earnings;A;Normal value
2403040106IND01;RS;REPUBLIC OF SERBIA;0;Total;09;2020;59698;RSD;RSD;SORS;Average net earnings;A;Normal value
2403040106IND01;RS;REPUBLIC OF SERBIA;1;Salaries and wages of employees at legal entities;09;2020;63781;RSD;RSD;SORS;Average net earnings;A;Normal value
2403040106IND01;RS;REPUBLIC OF SERBIA;2;Salaries and wages of entrepreneurs and their employees;09;2020;31760;RSD;RSD;SORS;Average net earnings;A;Normal value
2403040106IND01;RS;REPUBLIC OF SERBIA;0;Total;09;2021;65218;RSD;RSD;SORS;Average net earnings;A;Normal value
2403040106IND01;RS;REPUBLIC OF SERBIA;1;Salaries and wages of employees at legal entities;09;2021;69670;RSD;RSD;SORS;Average net earnings;A;Normal value
2403040106IND01;RS;REPUBLIC OF SERBIA;2;Salaries and wages of entrepreneurs and their employees;09;2021;34741;RSD;RSD;SORS;Average net earnings;A;Normal value
2403040106IND01;RS;REPUBLIC OF SERBIA;0;Total;09;2022;74981;RSD;RSD;SORS;Average net earnings;A;Normal value
2403040106IND01;RS;REPUBLIC OF SERBIA;1;Salaries and wages of employees at legal entities;09;2022;79990;RSD;RSD;SORS;Average net earnings;A;Normal value
2403040106IND01;RS;REPUBLIC OF SERBIA;2;Salaries and wages of entrepreneurs and their employees;09;2022;38315;RSD;RSD;SORS;Average net earnings;A;Normal value
2403040106IND01;RS;REPUBLIC OF SERBIA;0;Total;09;2023;85066;RSD;RSD;SORS;Average net earnings;A;Normal value
2403040106IND01;RS;REPUBLIC OF SERBIA;1;Salaries and wages of employees at legal entities;09;2023;90948;RSD;RSD;SORS;Average net earnings;A;Normal value
2403040106IND01;RS;REPUBLIC OF SERBIA;2;Salaries and wages of entrepreneurs and their employees;09;2023;42782;RSD;RSD;SORS;Average net earnings;A;Normal value
2403040106IND01;RS;REPUBLIC OF SERBIA;0;Total;09;2024;96115;RSD;RSD;SORS;Average net earnings;A;Normal value
2403040106IND01;RS;REPUBLIC OF SERBIA;1;Salaries and wages of employees at legal entities;09;2024;102605;RSD;RSD;SORS;Average net earnings;A;Normal value
2403040106IND01;RS;REPUBLIC OF SERBIA;2;Salaries and wages of entrepreneurs and their employees;09;2024;49573;RSD;RSD;SORS;Average net earnings;A;Normal value
2403040106IND01;RS;REPUBLIC OF SERBIA;0;Total;09;2025;109147;RSD;RSD;SORS;Average net earnings;A;Normal value
2403040106IND01;RS;REPUBLIC OF SERBIA;1;Salaries and wages of employees at legal entities;09;2025;116262;RSD;RSD;SORS;Average net earnings;A;Normal value
2403040106IND01;RS;REPUBLIC OF SERBIA;2;Salaries and wages of entrepreneurs and their employees;09;2025;58592;RSD;RSD;SORS;Average net earnings;A;Normal value
2403040106IND01;RS;REPUBLIC OF SERBIA;0;Total;10;2018;49901;RSD;RSD;SORS;Average net earnings;A;Normal value
2403040106IND01;RS;REPUBLIC OF SERBIA;1;Salaries and wages of employees at legal entities;10;2018;52871;RSD;RSD;SORS;Average net earnings;A;Normal value
2403040106IND01;RS;REPUBLIC OF SERBIA;2;Salaries and wages of entrepreneurs and their employees;10;2018;27461;RSD;RSD;SORS;Average net earnings;A;Normal value
2403040106IND01;RS;REPUBLIC OF SERBIA;0;Total;10;2019;55065;RSD;RSD;SORS;Average net earnings;A;Normal value
2403040106IND01;RS;REPUBLIC OF SERBIA;1;Salaries and wages of employees at legal entities;10;2019;58533;RSD;RSD;SORS;Average net earnings;A;Normal value
2403040106IND01;RS;REPUBLIC OF SERBIA;2;Salaries and wages of entrepreneurs and their employees;10;2019;29657;RSD;RSD;SORS;Average net earnings;A;Normal value
2403040106IND01;RS;REPUBLIC OF SERBIA;0;Total;10;2020;60109;RSD;RSD;SORS;Average net earnings;A;Normal value
2403040106IND01;RS;REPUBLIC OF SERBIA;1;Salaries and wages of employees at legal entities;10;2020;64248;RSD;RSD;SORS;Average net earnings;A;Normal value
2403040106IND01;RS;REPUBLIC OF SERBIA;2;Salaries and wages of entrepreneurs and their employees;10;2020;31821;RSD;RSD;SORS;Average net earnings;A;Normal value
2403040106IND01;RS;REPUBLIC OF SERBIA;0;Total;10;2021;66048;RSD;RSD;SORS;Average net earnings;A;Normal value
2403040106IND01;RS;REPUBLIC OF SERBIA;1;Salaries and wages of employees at legal entities;10;2021;70592;RSD;RSD;SORS;Average net earnings;A;Normal value
2403040106IND01;RS;REPUBLIC OF SERBIA;2;Salaries and wages of entrepreneurs and their employees;10;2021;34438;RSD;RSD;SORS;Average net earnings;A;Normal value
2403040106IND01;RS;REPUBLIC OF SERBIA;0;Total;10;2022;75353;RSD;RSD;SORS;Average net earnings;A;Normal value
2403040106IND01;RS;REPUBLIC OF SERBIA;1;Salaries and wages of employees at legal entities;10;2022;80472;RSD;RSD;SORS;Average net earnings;A;Normal value
2403040106IND01;RS;REPUBLIC OF SERBIA;2;Salaries and wages of entrepreneurs and their employees;10;2022;37701;RSD;RSD;SORS;Average net earnings;A;Normal value
2403040106IND01;RS;REPUBLIC OF SERBIA;0;Total;10;2023;86738;RSD;RSD;SORS;Average net earnings;A;Normal value
2403040106IND01;RS;REPUBLIC OF SERBIA;1;Salaries and wages of employees at legal entities;10;2023;92698;RSD;RSD;SORS;Average net earnings;A;Normal value
2403040106IND01;RS;REPUBLIC OF SERBIA;2;Salaries and wages of entrepreneurs and their employees;10;2023;43855;RSD;RSD;SORS;Average net earnings;A;Normal value
2403040106IND01;RS;REPUBLIC OF SERBIA;0;Total;10;2024;98538;RSD;RSD;SORS;Average net earnings;A;Normal value
2403040106IND01;RS;REPUBLIC OF SERBIA;1;Salaries and wages of employees at legal entities;10;2024;105074;RSD;RSD;SORS;Average net earnings;A;Normal value
2403040106IND01;RS;REPUBLIC OF SERBIA;2;Salaries and wages of entrepreneurs and their employees;10;2024;51614;RSD;RSD;SORS;Average net earnings;A;Normal value
2403040106IND01;RS;REPUBLIC OF SERBIA;0;Total;10;2025;110670;RSD;RSD;SORS;Average net earnings;A;Normal value
2403040106IND01;RS;REPUBLIC OF SERBIA;1;Salaries and wages of employees at legal entities;10;2025;117570;RSD;RSD;SORS;Average net earnings;A;Normal value
2403040106IND01;RS;REPUBLIC OF SERBIA;2;Salaries and wages of entrepreneurs and their employees;10;2025;61627;RSD;RSD;SORS;Average net earnings;A;Normal value
2403040106IND01;RS;REPUBLIC OF SERBIA;0;Total;11;2018;50556;RSD;RSD;SORS;Average net earnings;A;Normal value
2403040106IND01;RS;REPUBLIC OF SERBIA;1;Salaries and wages of employees at legal entities;11;2018;53677;RSD;RSD;SORS;Average net earnings;A;Normal value
2403040106IND01;RS;REPUBLIC OF SERBIA;2;Salaries and wages of entrepreneurs and their employees;11;2018;27035;RSD;RSD;SORS;Average net earnings;A;Normal value
2403040106IND01;RS;REPUBLIC OF SERBIA;0;Total;11;2019;56331;RSD;RSD;SORS;Average net earnings;A;Normal value
2403040106IND01;RS;REPUBLIC OF SERBIA;1;Salaries and wages of employees at legal entities;11;2019;60078;RSD;RSD;SORS;Average net earnings;A;Normal value
2403040106IND01;RS;REPUBLIC OF SERBIA;2;Salaries and wages of entrepreneurs and their employees;11;2019;28699;RSD;RSD;SORS;Average net earnings;A;Normal value
2403040106IND01;RS;REPUBLIC OF SERBIA;0;Total;11;2020;60926;RSD;RSD;SORS;Average net earnings;A;Normal value
2403040106IND01;RS;REPUBLIC OF SERBIA;1;Salaries and wages of employees at legal entities;11;2020;65235;RSD;RSD;SORS;Average net earnings;A;Normal value
2403040106IND01;RS;REPUBLIC OF SERBIA;2;Salaries and wages of entrepreneurs and their employees;11;2020;31344;RSD;RSD;SORS;Average net earnings;A;Normal value
2403040106IND01;RS;REPUBLIC OF SERBIA;0;Total;11;2021;69136;RSD;RSD;SORS;Average net earnings;A;Normal value
2403040106IND01;RS;REPUBLIC OF SERBIA;1;Salaries and wages of employees at legal entities;11;2021;73950;RSD;RSD;SORS;Average net earnings;A;Normal value
2403040106IND01;RS;REPUBLIC OF SERBIA;2;Salaries and wages of entrepreneurs and their employees;11;2021;35369;RSD;RSD;SORS;Average net earnings;A;Normal value
2403040106IND01;RS;REPUBLIC OF SERBIA;0;Total;11;2022;78326;RSD;RSD;SORS;Average net earnings;A;Normal value
2403040106IND01;RS;REPUBLIC OF SERBIA;1;Salaries and wages of employees at legal entities;11;2022;83706;RSD;RSD;SORS;Average net earnings;A;Normal value
2403040106IND01;RS;REPUBLIC OF SERBIA;2;Salaries and wages of entrepreneurs and their employees;11;2022;38856;RSD;RSD;SORS;Average net earnings;A;Normal value
2403040106IND01;RS;REPUBLIC OF SERBIA;0;Total;11;2023;89956;RSD;RSD;SORS;Average net earnings;A;Normal value
2403040106IND01;RS;REPUBLIC OF SERBIA;1;Salaries and wages of employees at legal entities;11;2023;96301;RSD;RSD;SORS;Average net earnings;A;Normal value
2403040106IND01;RS;REPUBLIC OF SERBIA;2;Salaries and wages of entrepreneurs and their employees;11;2023;44304;RSD;RSD;SORS;Average net earnings;A;Normal value
2403040106IND01;RS;REPUBLIC OF SERBIA;0;Total;11;2024;100738;RSD;RSD;SORS;Average net earnings;A;Normal value
2403040106IND01;RS;REPUBLIC OF SERBIA;1;Salaries and wages of employees at legal entities;11;2024;107805;RSD;RSD;SORS;Average net earnings;A;Normal value
2403040106IND01;RS;REPUBLIC OF SERBIA;2;Salaries and wages of entrepreneurs and their employees;11;2024;50192;RSD;RSD;SORS;Average net earnings;A;Normal value
2403040106IND01;RS;REPUBLIC OF SERBIA;0;Total;11;2025;111987;RSD;RSD;SORS;Average net earnings;A;Normal value
2403040106IND01;RS;REPUBLIC OF SERBIA;1;Salaries and wages of employees at legal entities;11;2025;119515;RSD;RSD;SORS;Average net earnings;A;Normal value
2403040106IND01;RS;REPUBLIC OF SERBIA;2;Salaries and wages of entrepreneurs and their employees;11;2025;58563;RSD;RSD;SORS;Average net earnings;A;Normal value
2403040106IND01;RS;REPUBLIC OF SERBIA;0;Total;12;2018;52372;RSD;RSD;SORS;Average net earnings;A;Normal value
2403040106IND01;RS;REPUBLIC OF SERBIA;1;Salaries and wages of employees at legal entities;12;2018;55700;RSD;RSD;SORS;Average net earnings;A;Normal value
2403040106IND01;RS;REPUBLIC OF SERBIA;2;Salaries and wages of entrepreneurs and their employees;12;2018;27308;RSD;RSD;SORS;Average net earnings;A;Normal value
2403040106IND01;RS;REPUBLIC OF SERBIA;0;Total;12;2019;59772;RSD;RSD;SORS;Average net earnings;A;Normal value
2403040106IND01;RS;REPUBLIC OF SERBIA;1;Salaries and wages of employees at legal entities;12;2019;63704;RSD;RSD;SORS;Average net earnings;A;Normal value
2403040106IND01;RS;REPUBLIC OF SERBIA;2;Salaries and wages of entrepreneurs and their employees;12;2019;30768;RSD;RSD;SORS;Average net earnings;A;Normal value
2403040106IND01;RS;REPUBLIC OF SERBIA;0;Total;12;2020;66092;RSD;RSD;SORS;Average net earnings;A;Normal value
2403040106IND01;RS;REPUBLIC OF SERBIA;1;Salaries and wages of employees at legal entities;12;2020;70742;RSD;RSD;SORS;Average net earnings;A;Normal value
2403040106IND01;RS;REPUBLIC OF SERBIA;2;Salaries and wages of entrepreneurs and their employees;12;2020;33952;RSD;RSD;SORS;Average net earnings;A;Normal value
2403040106IND01;RS;REPUBLIC OF SERBIA;0;Total;12;2021;74629;RSD;RSD;SORS;Average net earnings;A;Normal value
2403040106IND01;RS;REPUBLIC OF SERBIA;1;Salaries and wages of employees at legal entities;12;2021;79759;RSD;RSD;SORS;Average net earnings;A;Normal value
2403040106IND01;RS;REPUBLIC OF SERBIA;2;Salaries and wages of entrepreneurs and their employees;12;2021;38151;RSD;RSD;SORS;Average net earnings;A;Normal value
2403040106IND01;RS;REPUBLIC OF SERBIA;0;Total;12;2022;84227;RSD;RSD;SORS;Average net earnings;A;Normal value
2403040106IND01;RS;REPUBLIC OF SERBIA;1;Salaries and wages of employees at legal entities;12;2022;90010;RSD;RSD;SORS;Average net earnings;A;Normal value
2403040106IND01;RS;REPUBLIC OF SERBIA;2;Salaries and wages of entrepreneurs and their employees;12;2022;41744;RSD;RSD;SORS;Average net earnings;A;Normal value
2403040106IND01;RS;REPUBLIC OF SERBIA;0;Total;12;2023;95093;RSD;RSD;SORS;Average net earnings;A;Normal value
2403040106IND01;RS;REPUBLIC OF SERBIA;1;Salaries and wages of employees at legal entities;12;2023;101805;RSD;RSD;SORS;Average net earnings;A;Normal value
2403040106IND01;RS;REPUBLIC OF SERBIA;2;Salaries and wages of entrepreneurs and their employees;12;2023;46723;RSD;RSD;SORS;Average net earnings;A;Normal value
2403040106IND01;RS;REPUBLIC OF SERBIA;0;Total;12;2024;108312;RSD;RSD;SORS;Average net earnings;A;Normal value
2403040106IND01;RS;REPUBLIC OF SERBIA;1;Salaries and wages of employees at legal entities;12;2024;115767;RSD;RSD;SORS;Average net earnings;A;Normal value
2403040106IND01;RS;REPUBLIC OF SERBIA;2;Salaries and wages of entrepreneurs and their employees;12;2024;54840;RSD;RSD;SORS;Average net earnings;A;Normal value
2403040106IND01;RS;REPUBLIC OF SERBIA;0;Total;12;2025;124089;RSD;RSD;SORS;Average net earnings;A;Normal value
2403040106IND01;RS;REPUBLIC OF SERBIA;1;Salaries and wages of employees at legal entities;12;2025;132187;RSD;RSD;SORS;Average net earnings;A;Normal value
2403040106IND01;RS;REPUBLIC OF SERBIA;2;Salaries and wages of entrepreneurs and their employees;12;2025;66390;RSD;RSD;SORS;Average net earnings;A;Normal value
