idindikator;IDTer;nTer;mes;god;IDModalitetZarZap;nModalitetZarZap;vrednost;idJedinicaMere;nJedinicaMere;nIzvorI;Indikator;IDStatusPodatka;nStatusPodatka
2403040111IND02;RS;REPUBLIC OF SERBIA;01;2018;0;Total;69218;RSD;RSD;SORS;Average gross earnings;A;Normal value
2403040111IND02;RS;REPUBLIC OF SERBIA;01;2018;1;Salaries and wages of employees with indefinite or fixed-term employment contract;69581;RSD;RSD;SORS;Average gross earnings;A;Normal value
2403040111IND02;RS;REPUBLIC OF SERBIA;01;2018;2;Salaries and wages of employees in temporary and occasional employment;47304;RSD;RSD;SORS;Average gross earnings;A;Normal value
2403040111IND02;RS;REPUBLIC OF SERBIA;01;2019;0;Total;75296;RSD;RSD;SORS;Average gross earnings;A;Normal value
2403040111IND02;RS;REPUBLIC OF SERBIA;01;2019;1;Salaries and wages of employees with indefinite or fixed-term employment contract;75704;RSD;RSD;SORS;Average gross earnings;A;Normal value
2403040111IND02;RS;REPUBLIC OF SERBIA;01;2019;2;Salaries and wages of employees in temporary and occasional employment;50529;RSD;RSD;SORS;Average gross earnings;A;Normal value
2403040111IND02;RS;REPUBLIC OF SERBIA;01;2020;0;Total;82836;RSD;RSD;SORS;Average gross earnings;A;Normal value
2403040111IND02;RS;REPUBLIC OF SERBIA;01;2020;1;Salaries and wages of employees with indefinite or fixed-term employment contract;83249;RSD;RSD;SORS;Average gross earnings;A;Normal value
2403040111IND02;RS;REPUBLIC OF SERBIA;01;2020;2;Salaries and wages of employees in temporary and occasional employment;54820;RSD;RSD;SORS;Average gross earnings;A;Normal value
2403040111IND02;RS;REPUBLIC OF SERBIA;01;2021;0;Total;87058;RSD;RSD;SORS;Average gross earnings;A;Normal value
2403040111IND02;RS;REPUBLIC OF SERBIA;01;2021;1;Salaries and wages of employees with indefinite or fixed-term employment contract;87409;RSD;RSD;SORS;Average gross earnings;A;Normal value
2403040111IND02;RS;REPUBLIC OF SERBIA;01;2021;2;Salaries and wages of employees in temporary and occasional employment;57463;RSD;RSD;SORS;Average gross earnings;A;Normal value
2403040111IND02;RS;REPUBLIC OF SERBIA;01;2022;0;Total;97877;RSD;RSD;SORS;Average gross earnings;A;Normal value
2403040111IND02;RS;REPUBLIC OF SERBIA;01;2022;1;Salaries and wages of employees with indefinite or fixed-term employment contract;98275;RSD;RSD;SORS;Average gross earnings;A;Normal value
2403040111IND02;RS;REPUBLIC OF SERBIA;01;2022;2;Salaries and wages of employees in temporary and occasional employment;62255;RSD;RSD;SORS;Average gross earnings;A;Normal value
2403040111IND02;RS;REPUBLIC OF SERBIA;01;2023;0;Total;114228;RSD;RSD;SORS;Average gross earnings;A;Normal value
2403040111IND02;RS;REPUBLIC OF SERBIA;01;2023;1;Salaries and wages of employees with indefinite or fixed-term employment contract;114675;RSD;RSD;SORS;Average gross earnings;A;Normal value
2403040111IND02;RS;REPUBLIC OF SERBIA;01;2023;2;Salaries and wages of employees in temporary and occasional employment;69972;RSD;RSD;SORS;Average gross earnings;A;Normal value
2403040111IND02;RS;REPUBLIC OF SERBIA;01;2024;0;Total;132372;RSD;RSD;SORS;Average gross earnings;A;Normal value
2403040111IND02;RS;REPUBLIC OF SERBIA;01;2024;1;Salaries and wages of employees with indefinite or fixed-term employment contract;132851;RSD;RSD;SORS;Average gross earnings;A;Normal value
2403040111IND02;RS;REPUBLIC OF SERBIA;01;2024;2;Salaries and wages of employees in temporary and occasional employment;83536;RSD;RSD;SORS;Average gross earnings;A;Normal value
2403040111IND02;RS;REPUBLIC OF SERBIA;01;2025;0;Total;148440;RSD;RSD;SORS;Average gross earnings;A;Normal value
2403040111IND02;RS;REPUBLIC OF SERBIA;01;2025;1;Salaries and wages of employees with indefinite or fixed-term employment contract;148945;RSD;RSD;SORS;Average gross earnings;A;Normal value
2403040111IND02;RS;REPUBLIC OF SERBIA;01;2025;2;Salaries and wages of employees in temporary and occasional employment;95251;RSD;RSD;SORS;Average gross earnings;A;Normal value
2403040111IND02;RS;REPUBLIC OF SERBIA;01;2026;0;Total;163385;RSD;RSD;SORS;Average gross earnings;A;Normal value
2403040111IND02;RS;REPUBLIC OF SERBIA;01;2026;1;Salaries and wages of employees with indefinite or fixed-term employment contract;163928;RSD;RSD;SORS;Average gross earnings;A;Normal value
2403040111IND02;RS;REPUBLIC OF SERBIA;01;2026;2;Salaries and wages of employees in temporary and occasional employment;105182;RSD;RSD;SORS;Average gross earnings;A;Normal value
2403040111IND02;RS;REPUBLIC OF SERBIA;02;2018;0;Total;67646;RSD;RSD;SORS;Average gross earnings;A;Normal value
2403040111IND02;RS;REPUBLIC OF SERBIA;02;2018;1;Salaries and wages of employees with indefinite or fixed-term employment contract;68012;RSD;RSD;SORS;Average gross earnings;A;Normal value
2403040111IND02;RS;REPUBLIC OF SERBIA;02;2018;2;Salaries and wages of employees in temporary and occasional employment;46210;RSD;RSD;SORS;Average gross earnings;A;Normal value
2403040111IND02;RS;REPUBLIC OF SERBIA;02;2019;0;Total;73817;RSD;RSD;SORS;Average gross earnings;A;Normal value
2403040111IND02;RS;REPUBLIC OF SERBIA;02;2019;1;Salaries and wages of employees with indefinite or fixed-term employment contract;74234;RSD;RSD;SORS;Average gross earnings;A;Normal value
2403040111IND02;RS;REPUBLIC OF SERBIA;02;2019;2;Salaries and wages of employees in temporary and occasional employment;49395;RSD;RSD;SORS;Average gross earnings;A;Normal value
2403040111IND02;RS;REPUBLIC OF SERBIA;02;2020;0;Total;81562;RSD;RSD;SORS;Average gross earnings;A;Normal value
2403040111IND02;RS;REPUBLIC OF SERBIA;02;2020;1;Salaries and wages of employees with indefinite or fixed-term employment contract;81991;RSD;RSD;SORS;Average gross earnings;A;Normal value
2403040111IND02;RS;REPUBLIC OF SERBIA;02;2020;2;Salaries and wages of employees in temporary and occasional employment;53690;RSD;RSD;SORS;Average gross earnings;A;Normal value
2403040111IND02;RS;REPUBLIC OF SERBIA;02;2021;0;Total;86459;RSD;RSD;SORS;Average gross earnings;A;Normal value
2403040111IND02;RS;REPUBLIC OF SERBIA;02;2021;1;Salaries and wages of employees with indefinite or fixed-term employment contract;86819;RSD;RSD;SORS;Average gross earnings;A;Normal value
2403040111IND02;RS;REPUBLIC OF SERBIA;02;2021;2;Salaries and wages of employees in temporary and occasional employment;56756;RSD;RSD;SORS;Average gross earnings;A;Normal value
2403040111IND02;RS;REPUBLIC OF SERBIA;02;2022;0;Total;97634;RSD;RSD;SORS;Average gross earnings;A;Normal value
2403040111IND02;RS;REPUBLIC OF SERBIA;02;2022;1;Salaries and wages of employees with indefinite or fixed-term employment contract;98051;RSD;RSD;SORS;Average gross earnings;A;Normal value
2403040111IND02;RS;REPUBLIC OF SERBIA;02;2022;2;Salaries and wages of employees in temporary and occasional employment;61815;RSD;RSD;SORS;Average gross earnings;A;Normal value
2403040111IND02;RS;REPUBLIC OF SERBIA;02;2023;0;Total;113217;RSD;RSD;SORS;Average gross earnings;A;Normal value
2403040111IND02;RS;REPUBLIC OF SERBIA;02;2023;1;Salaries and wages of employees with indefinite or fixed-term employment contract;113682;RSD;RSD;SORS;Average gross earnings;A;Normal value
2403040111IND02;RS;REPUBLIC OF SERBIA;02;2023;2;Salaries and wages of employees in temporary and occasional employment;69510;RSD;RSD;SORS;Average gross earnings;A;Normal value
2403040111IND02;RS;REPUBLIC OF SERBIA;02;2024;0;Total;131151;RSD;RSD;SORS;Average gross earnings;A;Normal value
2403040111IND02;RS;REPUBLIC OF SERBIA;02;2024;1;Salaries and wages of employees with indefinite or fixed-term employment contract;131655;RSD;RSD;SORS;Average gross earnings;A;Normal value
2403040111IND02;RS;REPUBLIC OF SERBIA;02;2024;2;Salaries and wages of employees in temporary and occasional employment;82141;RSD;RSD;SORS;Average gross earnings;A;Normal value
2403040111IND02;RS;REPUBLIC OF SERBIA;02;2025;0;Total;145676;RSD;RSD;SORS;Average gross earnings;A;Normal value
2403040111IND02;RS;REPUBLIC OF SERBIA;02;2025;1;Salaries and wages of employees with indefinite or fixed-term employment contract;146223;RSD;RSD;SORS;Average gross earnings;A;Normal value
2403040111IND02;RS;REPUBLIC OF SERBIA;02;2025;2;Salaries and wages of employees in temporary and occasional employment;91245;RSD;RSD;SORS;Average gross earnings;A;Normal value
2403040111IND02;RS;REPUBLIC OF SERBIA;02;2026;0;Total;161724;RSD;RSD;SORS;Average gross earnings;A;Normal value
2403040111IND02;RS;REPUBLIC OF SERBIA;02;2026;1;Salaries and wages of employees with indefinite or fixed-term employment contract;162308;RSD;RSD;SORS;Average gross earnings;A;Normal value
2403040111IND02;RS;REPUBLIC OF SERBIA;02;2026;2;Salaries and wages of employees in temporary and occasional employment;102417;RSD;RSD;SORS;Average gross earnings;A;Normal value
2403040111IND02;RS;REPUBLIC OF SERBIA;03;2018;0;Total;67850;RSD;RSD;SORS;Average gross earnings;A;Normal value
2403040111IND02;RS;REPUBLIC OF SERBIA;03;2018;1;Salaries and wages of employees with indefinite or fixed-term employment contract;68221;RSD;RSD;SORS;Average gross earnings;A;Normal value
2403040111IND02;RS;REPUBLIC OF SERBIA;03;2018;2;Salaries and wages of employees in temporary and occasional employment;46687;RSD;RSD;SORS;Average gross earnings;A;Normal value
2403040111IND02;RS;REPUBLIC OF SERBIA;03;2019;0;Total;74132;RSD;RSD;SORS;Average gross earnings;A;Normal value
2403040111IND02;RS;REPUBLIC OF SERBIA;03;2019;1;Salaries and wages of employees with indefinite or fixed-term employment contract;74559;RSD;RSD;SORS;Average gross earnings;A;Normal value
2403040111IND02;RS;REPUBLIC OF SERBIA;03;2019;2;Salaries and wages of employees in temporary and occasional employment;49802;RSD;RSD;SORS;Average gross earnings;A;Normal value
2403040111IND02;RS;REPUBLIC OF SERBIA;03;2020;0;Total;81817;RSD;RSD;SORS;Average gross earnings;A;Normal value
2403040111IND02;RS;REPUBLIC OF SERBIA;03;2020;1;Salaries and wages of employees with indefinite or fixed-term employment contract;82233;RSD;RSD;SORS;Average gross earnings;A;Normal value
2403040111IND02;RS;REPUBLIC OF SERBIA;03;2020;2;Salaries and wages of employees in temporary and occasional employment;53990;RSD;RSD;SORS;Average gross earnings;A;Normal value
2403040111IND02;RS;REPUBLIC OF SERBIA;03;2021;0;Total;87611;RSD;RSD;SORS;Average gross earnings;A;Normal value
2403040111IND02;RS;REPUBLIC OF SERBIA;03;2021;1;Salaries and wages of employees with indefinite or fixed-term employment contract;87976;RSD;RSD;SORS;Average gross earnings;A;Normal value
2403040111IND02;RS;REPUBLIC OF SERBIA;03;2021;2;Salaries and wages of employees in temporary and occasional employment;58008;RSD;RSD;SORS;Average gross earnings;A;Normal value
2403040111IND02;RS;REPUBLIC OF SERBIA;03;2022;0;Total;99356;RSD;RSD;SORS;Average gross earnings;A;Normal value
2403040111IND02;RS;REPUBLIC OF SERBIA;03;2022;1;Salaries and wages of employees with indefinite or fixed-term employment contract;99787;RSD;RSD;SORS;Average gross earnings;A;Normal value
2403040111IND02;RS;REPUBLIC OF SERBIA;03;2022;2;Salaries and wages of employees in temporary and occasional employment;63218;RSD;RSD;SORS;Average gross earnings;A;Normal value
2403040111IND02;RS;REPUBLIC OF SERBIA;03;2023;0;Total;114708;RSD;RSD;SORS;Average gross earnings;A;Normal value
2403040111IND02;RS;REPUBLIC OF SERBIA;03;2023;1;Salaries and wages of employees with indefinite or fixed-term employment contract;115184;RSD;RSD;SORS;Average gross earnings;A;Normal value
2403040111IND02;RS;REPUBLIC OF SERBIA;03;2023;2;Salaries and wages of employees in temporary and occasional employment;71528;RSD;RSD;SORS;Average gross earnings;A;Normal value
2403040111IND02;RS;REPUBLIC OF SERBIA;03;2024;0;Total;131893;RSD;RSD;SORS;Average gross earnings;A;Normal value
2403040111IND02;RS;REPUBLIC OF SERBIA;03;2024;1;Salaries and wages of employees with indefinite or fixed-term employment contract;132423;RSD;RSD;SORS;Average gross earnings;A;Normal value
2403040111IND02;RS;REPUBLIC OF SERBIA;03;2024;2;Salaries and wages of employees in temporary and occasional employment;81863;RSD;RSD;SORS;Average gross earnings;A;Normal value
2403040111IND02;RS;REPUBLIC OF SERBIA;03;2025;0;Total;146669;RSD;RSD;SORS;Average gross earnings;A;Normal value
2403040111IND02;RS;REPUBLIC OF SERBIA;03;2025;1;Salaries and wages of employees with indefinite or fixed-term employment contract;147242;RSD;RSD;SORS;Average gross earnings;A;Normal value
2403040111IND02;RS;REPUBLIC OF SERBIA;03;2025;2;Salaries and wages of employees in temporary and occasional employment;91020;RSD;RSD;SORS;Average gross earnings;A;Normal value
2403040111IND02;RS;REPUBLIC OF SERBIA;04;2018;0;Total;67863;RSD;RSD;SORS;Average gross earnings;A;Normal value
2403040111IND02;RS;REPUBLIC OF SERBIA;04;2018;1;Salaries and wages of employees with indefinite or fixed-term employment contract;68240;RSD;RSD;SORS;Average gross earnings;A;Normal value
2403040111IND02;RS;REPUBLIC OF SERBIA;04;2018;2;Salaries and wages of employees in temporary and occasional employment;46570;RSD;RSD;SORS;Average gross earnings;A;Normal value
2403040111IND02;RS;REPUBLIC OF SERBIA;04;2019;0;Total;74462;RSD;RSD;SORS;Average gross earnings;A;Normal value
2403040111IND02;RS;REPUBLIC OF SERBIA;04;2019;1;Salaries and wages of employees with indefinite or fixed-term employment contract;74890;RSD;RSD;SORS;Average gross earnings;A;Normal value
2403040111IND02;RS;REPUBLIC OF SERBIA;04;2019;2;Salaries and wages of employees in temporary and occasional employment;50074;RSD;RSD;SORS;Average gross earnings;A;Normal value
2403040111IND02;RS;REPUBLIC OF SERBIA;04;2020;0;Total;81734;RSD;RSD;SORS;Average gross earnings;A;Normal value
2403040111IND02;RS;REPUBLIC OF SERBIA;04;2020;1;Salaries and wages of employees with indefinite or fixed-term employment contract;82124;RSD;RSD;SORS;Average gross earnings;A;Normal value
2403040111IND02;RS;REPUBLIC OF SERBIA;04;2020;2;Salaries and wages of employees in temporary and occasional employment;54202;RSD;RSD;SORS;Average gross earnings;A;Normal value
2403040111IND02;RS;REPUBLIC OF SERBIA;04;2021;0;Total;88108;RSD;RSD;SORS;Average gross earnings;A;Normal value
2403040111IND02;RS;REPUBLIC OF SERBIA;04;2021;1;Salaries and wages of employees with indefinite or fixed-term employment contract;88478;RSD;RSD;SORS;Average gross earnings;A;Normal value
2403040111IND02;RS;REPUBLIC OF SERBIA;04;2021;2;Salaries and wages of employees in temporary and occasional employment;58216;RSD;RSD;SORS;Average gross earnings;A;Normal value
2403040111IND02;RS;REPUBLIC OF SERBIA;04;2022;0;Total;99700;RSD;RSD;SORS;Average gross earnings;A;Normal value
2403040111IND02;RS;REPUBLIC OF SERBIA;04;2022;1;Salaries and wages of employees with indefinite or fixed-term employment contract;100142;RSD;RSD;SORS;Average gross earnings;A;Normal value
2403040111IND02;RS;REPUBLIC OF SERBIA;04;2022;2;Salaries and wages of employees in temporary and occasional employment;62895;RSD;RSD;SORS;Average gross earnings;A;Normal value
2403040111IND02;RS;REPUBLIC OF SERBIA;04;2023;0;Total;114939;RSD;RSD;SORS;Average gross earnings;A;Normal value
2403040111IND02;RS;REPUBLIC OF SERBIA;04;2023;1;Salaries and wages of employees with indefinite or fixed-term employment contract;115428;RSD;RSD;SORS;Average gross earnings;A;Normal value
2403040111IND02;RS;REPUBLIC OF SERBIA;04;2023;2;Salaries and wages of employees in temporary and occasional employment;70820;RSD;RSD;SORS;Average gross earnings;A;Normal value
2403040111IND02;RS;REPUBLIC OF SERBIA;04;2024;0;Total;132260;RSD;RSD;SORS;Average gross earnings;A;Normal value
2403040111IND02;RS;REPUBLIC OF SERBIA;04;2024;1;Salaries and wages of employees with indefinite or fixed-term employment contract;132799;RSD;RSD;SORS;Average gross earnings;A;Normal value
2403040111IND02;RS;REPUBLIC OF SERBIA;04;2024;2;Salaries and wages of employees in temporary and occasional employment;82331;RSD;RSD;SORS;Average gross earnings;A;Normal value
2403040111IND02;RS;REPUBLIC OF SERBIA;04;2025;0;Total;147698;RSD;RSD;SORS;Average gross earnings;A;Normal value
2403040111IND02;RS;REPUBLIC OF SERBIA;04;2025;1;Salaries and wages of employees with indefinite or fixed-term employment contract;148279;RSD;RSD;SORS;Average gross earnings;A;Normal value
2403040111IND02;RS;REPUBLIC OF SERBIA;04;2025;2;Salaries and wages of employees in temporary and occasional employment;91623;RSD;RSD;SORS;Average gross earnings;A;Normal value
2403040111IND02;RS;REPUBLIC OF SERBIA;05;2018;0;Total;68232;RSD;RSD;SORS;Average gross earnings;A;Normal value
2403040111IND02;RS;REPUBLIC OF SERBIA;05;2018;1;Salaries and wages of employees with indefinite or fixed-term employment contract;68612;RSD;RSD;SORS;Average gross earnings;A;Normal value
2403040111IND02;RS;REPUBLIC OF SERBIA;05;2018;2;Salaries and wages of employees in temporary and occasional employment;46994;RSD;RSD;SORS;Average gross earnings;A;Normal value
2403040111IND02;RS;REPUBLIC OF SERBIA;05;2019;0;Total;74876;RSD;RSD;SORS;Average gross earnings;A;Normal value
2403040111IND02;RS;REPUBLIC OF SERBIA;05;2019;1;Salaries and wages of employees with indefinite or fixed-term employment contract;75304;RSD;RSD;SORS;Average gross earnings;A;Normal value
2403040111IND02;RS;REPUBLIC OF SERBIA;05;2019;2;Salaries and wages of employees in temporary and occasional employment;50476;RSD;RSD;SORS;Average gross earnings;A;Normal value
2403040111IND02;RS;REPUBLIC OF SERBIA;05;2020;0;Total;81679;RSD;RSD;SORS;Average gross earnings;A;Normal value
2403040111IND02;RS;REPUBLIC OF SERBIA;05;2020;1;Salaries and wages of employees with indefinite or fixed-term employment contract;82062;RSD;RSD;SORS;Average gross earnings;A;Normal value
2403040111IND02;RS;REPUBLIC OF SERBIA;05;2020;2;Salaries and wages of employees in temporary and occasional employment;54202;RSD;RSD;SORS;Average gross earnings;A;Normal value
2403040111IND02;RS;REPUBLIC OF SERBIA;05;2021;0;Total;88433;RSD;RSD;SORS;Average gross earnings;A;Normal value
2403040111IND02;RS;REPUBLIC OF SERBIA;05;2021;1;Salaries and wages of employees with indefinite or fixed-term employment contract;88808;RSD;RSD;SORS;Average gross earnings;A;Normal value
2403040111IND02;RS;REPUBLIC OF SERBIA;05;2021;2;Salaries and wages of employees in temporary and occasional employment;58182;RSD;RSD;SORS;Average gross earnings;A;Normal value
2403040111IND02;RS;REPUBLIC OF SERBIA;05;2022;0;Total;100250;RSD;RSD;SORS;Average gross earnings;A;Normal value
2403040111IND02;RS;REPUBLIC OF SERBIA;05;2022;1;Salaries and wages of employees with indefinite or fixed-term employment contract;100708;RSD;RSD;SORS;Average gross earnings;A;Normal value
2403040111IND02;RS;REPUBLIC OF SERBIA;05;2022;2;Salaries and wages of employees in temporary and occasional employment;62797;RSD;RSD;SORS;Average gross earnings;A;Normal value
2403040111IND02;RS;REPUBLIC OF SERBIA;05;2023;0;Total;115754;RSD;RSD;SORS;Average gross earnings;A;Normal value
2403040111IND02;RS;REPUBLIC OF SERBIA;05;2023;1;Salaries and wages of employees with indefinite or fixed-term employment contract;116247;RSD;RSD;SORS;Average gross earnings;A;Normal value
2403040111IND02;RS;REPUBLIC OF SERBIA;05;2023;2;Salaries and wages of employees in temporary and occasional employment;71617;RSD;RSD;SORS;Average gross earnings;A;Normal value
2403040111IND02;RS;REPUBLIC OF SERBIA;05;2024;0;Total;133477;RSD;RSD;SORS;Average gross earnings;A;Normal value
2403040111IND02;RS;REPUBLIC OF SERBIA;05;2024;1;Salaries and wages of employees with indefinite or fixed-term employment contract;134025;RSD;RSD;SORS;Average gross earnings;A;Normal value
2403040111IND02;RS;REPUBLIC OF SERBIA;05;2024;2;Salaries and wages of employees in temporary and occasional employment;82969;RSD;RSD;SORS;Average gross earnings;A;Normal value
2403040111IND02;RS;REPUBLIC OF SERBIA;05;2025;0;Total;147945;RSD;RSD;SORS;Average gross earnings;A;Normal value
2403040111IND02;RS;REPUBLIC OF SERBIA;05;2025;1;Salaries and wages of employees with indefinite or fixed-term employment contract;148530;RSD;RSD;SORS;Average gross earnings;A;Normal value
2403040111IND02;RS;REPUBLIC OF SERBIA;05;2025;2;Salaries and wages of employees in temporary and occasional employment;92096;RSD;RSD;SORS;Average gross earnings;A;Normal value
2403040111IND02;RS;REPUBLIC OF SERBIA;06;2018;0;Total;68201;RSD;RSD;SORS;Average gross earnings;A;Normal value
2403040111IND02;RS;REPUBLIC OF SERBIA;06;2018;1;Salaries and wages of employees with indefinite or fixed-term employment contract;68597;RSD;RSD;SORS;Average gross earnings;A;Normal value
2403040111IND02;RS;REPUBLIC OF SERBIA;06;2018;2;Salaries and wages of employees in temporary and occasional employment;46751;RSD;RSD;SORS;Average gross earnings;A;Normal value
2403040111IND02;RS;REPUBLIC OF SERBIA;06;2019;0;Total;74730;RSD;RSD;SORS;Average gross earnings;A;Normal value
2403040111IND02;RS;REPUBLIC OF SERBIA;06;2019;1;Salaries and wages of employees with indefinite or fixed-term employment contract;75167;RSD;RSD;SORS;Average gross earnings;A;Normal value
2403040111IND02;RS;REPUBLIC OF SERBIA;06;2019;2;Salaries and wages of employees in temporary and occasional employment;50134;RSD;RSD;SORS;Average gross earnings;A;Normal value
2403040111IND02;RS;REPUBLIC OF SERBIA;06;2020;0;Total;81830;RSD;RSD;SORS;Average gross earnings;A;Normal value
2403040111IND02;RS;REPUBLIC OF SERBIA;06;2020;1;Salaries and wages of employees with indefinite or fixed-term employment contract;82213;RSD;RSD;SORS;Average gross earnings;A;Normal value
2403040111IND02;RS;REPUBLIC OF SERBIA;06;2020;2;Salaries and wages of employees in temporary and occasional employment;54349;RSD;RSD;SORS;Average gross earnings;A;Normal value
2403040111IND02;RS;REPUBLIC OF SERBIA;06;2021;0;Total;88663;RSD;RSD;SORS;Average gross earnings;A;Normal value
2403040111IND02;RS;REPUBLIC OF SERBIA;06;2021;1;Salaries and wages of employees with indefinite or fixed-term employment contract;89043;RSD;RSD;SORS;Average gross earnings;A;Normal value
2403040111IND02;RS;REPUBLIC OF SERBIA;06;2021;2;Salaries and wages of employees in temporary and occasional employment;58379;RSD;RSD;SORS;Average gross earnings;A;Normal value
2403040111IND02;RS;REPUBLIC OF SERBIA;06;2022;0;Total;100632;RSD;RSD;SORS;Average gross earnings;A;Normal value
2403040111IND02;RS;REPUBLIC OF SERBIA;06;2022;1;Salaries and wages of employees with indefinite or fixed-term employment contract;101102;RSD;RSD;SORS;Average gross earnings;A;Normal value
2403040111IND02;RS;REPUBLIC OF SERBIA;06;2022;2;Salaries and wages of employees in temporary and occasional employment;62826;RSD;RSD;SORS;Average gross earnings;A;Normal value
2403040111IND02;RS;REPUBLIC OF SERBIA;06;2023;0;Total;116135;RSD;RSD;SORS;Average gross earnings;A;Normal value
2403040111IND02;RS;REPUBLIC OF SERBIA;06;2023;1;Salaries and wages of employees with indefinite or fixed-term employment contract;116644;RSD;RSD;SORS;Average gross earnings;A;Normal value
2403040111IND02;RS;REPUBLIC OF SERBIA;06;2023;2;Salaries and wages of employees in temporary and occasional employment;71489;RSD;RSD;SORS;Average gross earnings;A;Normal value
2403040111IND02;RS;REPUBLIC OF SERBIA;06;2024;0;Total;133279;RSD;RSD;SORS;Average gross earnings;A;Normal value
2403040111IND02;RS;REPUBLIC OF SERBIA;06;2024;1;Salaries and wages of employees with indefinite or fixed-term employment contract;133832;RSD;RSD;SORS;Average gross earnings;A;Normal value
2403040111IND02;RS;REPUBLIC OF SERBIA;06;2024;2;Salaries and wages of employees in temporary and occasional employment;82772;RSD;RSD;SORS;Average gross earnings;A;Normal value
2403040111IND02;RS;REPUBLIC OF SERBIA;06;2025;0;Total;147945;RSD;RSD;SORS;Average gross earnings;A;Normal value
2403040111IND02;RS;REPUBLIC OF SERBIA;06;2025;1;Salaries and wages of employees with indefinite or fixed-term employment contract;148538;RSD;RSD;SORS;Average gross earnings;A;Normal value
2403040111IND02;RS;REPUBLIC OF SERBIA;06;2025;2;Salaries and wages of employees in temporary and occasional employment;92018;RSD;RSD;SORS;Average gross earnings;A;Normal value
2403040111IND02;RS;REPUBLIC OF SERBIA;07;2018;0;Total;68176;RSD;RSD;SORS;Average gross earnings;A;Normal value
2403040111IND02;RS;REPUBLIC OF SERBIA;07;2018;1;Salaries and wages of employees with indefinite or fixed-term employment contract;68583;RSD;RSD;SORS;Average gross earnings;A;Normal value
2403040111IND02;RS;REPUBLIC OF SERBIA;07;2018;2;Salaries and wages of employees in temporary and occasional employment;46595;RSD;RSD;SORS;Average gross earnings;A;Normal value
2403040111IND02;RS;REPUBLIC OF SERBIA;07;2019;0;Total;74922;RSD;RSD;SORS;Average gross earnings;A;Normal value
2403040111IND02;RS;REPUBLIC OF SERBIA;07;2019;1;Salaries and wages of employees with indefinite or fixed-term employment contract;75364;RSD;RSD;SORS;Average gross earnings;A;Normal value
2403040111IND02;RS;REPUBLIC OF SERBIA;07;2019;2;Salaries and wages of employees in temporary and occasional employment;50254;RSD;RSD;SORS;Average gross earnings;A;Normal value
2403040111IND02;RS;REPUBLIC OF SERBIA;07;2020;0;Total;82003;RSD;RSD;SORS;Average gross earnings;A;Normal value
2403040111IND02;RS;REPUBLIC OF SERBIA;07;2020;1;Salaries and wages of employees with indefinite or fixed-term employment contract;82390;RSD;RSD;SORS;Average gross earnings;A;Normal value
2403040111IND02;RS;REPUBLIC OF SERBIA;07;2020;2;Salaries and wages of employees in temporary and occasional employment;54394;RSD;RSD;SORS;Average gross earnings;A;Normal value
2403040111IND02;RS;REPUBLIC OF SERBIA;07;2021;0;Total;88759;RSD;RSD;SORS;Average gross earnings;A;Normal value
2403040111IND02;RS;REPUBLIC OF SERBIA;07;2021;1;Salaries and wages of employees with indefinite or fixed-term employment contract;89143;RSD;RSD;SORS;Average gross earnings;A;Normal value
2403040111IND02;RS;REPUBLIC OF SERBIA;07;2021;2;Salaries and wages of employees in temporary and occasional employment;58486;RSD;RSD;SORS;Average gross earnings;A;Normal value
2403040111IND02;RS;REPUBLIC OF SERBIA;07;2022;0;Total;100676;RSD;RSD;SORS;Average gross earnings;A;Normal value
2403040111IND02;RS;REPUBLIC OF SERBIA;07;2022;1;Salaries and wages of employees with indefinite or fixed-term employment contract;101152;RSD;RSD;SORS;Average gross earnings;A;Normal value
2403040111IND02;RS;REPUBLIC OF SERBIA;07;2022;2;Salaries and wages of employees in temporary and occasional employment;62703;RSD;RSD;SORS;Average gross earnings;A;Normal value
2403040111IND02;RS;REPUBLIC OF SERBIA;07;2023;0;Total;116067;RSD;RSD;SORS;Average gross earnings;A;Normal value
2403040111IND02;RS;REPUBLIC OF SERBIA;07;2023;1;Salaries and wages of employees with indefinite or fixed-term employment contract;116581;RSD;RSD;SORS;Average gross earnings;A;Normal value
2403040111IND02;RS;REPUBLIC OF SERBIA;07;2023;2;Salaries and wages of employees in temporary and occasional employment;71392;RSD;RSD;SORS;Average gross earnings;A;Normal value
2403040111IND02;RS;REPUBLIC OF SERBIA;07;2024;0;Total;133553;RSD;RSD;SORS;Average gross earnings;A;Normal value
2403040111IND02;RS;REPUBLIC OF SERBIA;07;2024;1;Salaries and wages of employees with indefinite or fixed-term employment contract;134100;RSD;RSD;SORS;Average gross earnings;A;Normal value
2403040111IND02;RS;REPUBLIC OF SERBIA;07;2024;2;Salaries and wages of employees in temporary and occasional employment;83454;RSD;RSD;SORS;Average gross earnings;A;Normal value
2403040111IND02;RS;REPUBLIC OF SERBIA;07;2025;0;Total;148332;RSD;RSD;SORS;Average gross earnings;A;Normal value
2403040111IND02;RS;REPUBLIC OF SERBIA;07;2025;1;Salaries and wages of employees with indefinite or fixed-term employment contract;148920;RSD;RSD;SORS;Average gross earnings;A;Normal value
2403040111IND02;RS;REPUBLIC OF SERBIA;07;2025;2;Salaries and wages of employees in temporary and occasional employment;92662;RSD;RSD;SORS;Average gross earnings;A;Normal value
2403040111IND02;RS;REPUBLIC OF SERBIA;08;2018;0;Total;68259;RSD;RSD;SORS;Average gross earnings;A;Normal value
2403040111IND02;RS;REPUBLIC OF SERBIA;08;2018;1;Salaries and wages of employees with indefinite or fixed-term employment contract;68677;RSD;RSD;SORS;Average gross earnings;A;Normal value
2403040111IND02;RS;REPUBLIC OF SERBIA;08;2018;2;Salaries and wages of employees in temporary and occasional employment;46549;RSD;RSD;SORS;Average gross earnings;A;Normal value
2403040111IND02;RS;REPUBLIC OF SERBIA;08;2019;0;Total;74902;RSD;RSD;SORS;Average gross earnings;A;Normal value
2403040111IND02;RS;REPUBLIC OF SERBIA;08;2019;1;Salaries and wages of employees with indefinite or fixed-term employment contract;75348;RSD;RSD;SORS;Average gross earnings;A;Normal value
2403040111IND02;RS;REPUBLIC OF SERBIA;08;2019;2;Salaries and wages of employees in temporary and occasional employment;50136;RSD;RSD;SORS;Average gross earnings;A;Normal value
2403040111IND02;RS;REPUBLIC OF SERBIA;08;2020;0;Total;81862;RSD;RSD;SORS;Average gross earnings;A;Normal value
2403040111IND02;RS;REPUBLIC OF SERBIA;08;2020;1;Salaries and wages of employees with indefinite or fixed-term employment contract;82253;RSD;RSD;SORS;Average gross earnings;A;Normal value
2403040111IND02;RS;REPUBLIC OF SERBIA;08;2020;2;Salaries and wages of employees in temporary and occasional employment;54118;RSD;RSD;SORS;Average gross earnings;A;Normal value
2403040111IND02;RS;REPUBLIC OF SERBIA;08;2021;0;Total;88816;RSD;RSD;SORS;Average gross earnings;A;Normal value
2403040111IND02;RS;REPUBLIC OF SERBIA;08;2021;1;Salaries and wages of employees with indefinite or fixed-term employment contract;89202;RSD;RSD;SORS;Average gross earnings;A;Normal value
2403040111IND02;RS;REPUBLIC OF SERBIA;08;2021;2;Salaries and wages of employees in temporary and occasional employment;58525;RSD;RSD;SORS;Average gross earnings;A;Normal value
2403040111IND02;RS;REPUBLIC OF SERBIA;08;2022;0;Total;101088;RSD;RSD;SORS;Average gross earnings;A;Normal value
2403040111IND02;RS;REPUBLIC OF SERBIA;08;2022;1;Salaries and wages of employees with indefinite or fixed-term employment contract;101571;RSD;RSD;SORS;Average gross earnings;A;Normal value
2403040111IND02;RS;REPUBLIC OF SERBIA;08;2022;2;Salaries and wages of employees in temporary and occasional employment;62773;RSD;RSD;SORS;Average gross earnings;A;Normal value
2403040111IND02;RS;REPUBLIC OF SERBIA;08;2023;0;Total;116424;RSD;RSD;SORS;Average gross earnings;A;Normal value
2403040111IND02;RS;REPUBLIC OF SERBIA;08;2023;1;Salaries and wages of employees with indefinite or fixed-term employment contract;116933;RSD;RSD;SORS;Average gross earnings;A;Normal value
2403040111IND02;RS;REPUBLIC OF SERBIA;08;2023;2;Salaries and wages of employees in temporary and occasional employment;71877;RSD;RSD;SORS;Average gross earnings;A;Normal value
2403040111IND02;RS;REPUBLIC OF SERBIA;08;2024;0;Total;133558;RSD;RSD;SORS;Average gross earnings;A;Normal value
2403040111IND02;RS;REPUBLIC OF SERBIA;08;2024;1;Salaries and wages of employees with indefinite or fixed-term employment contract;134100;RSD;RSD;SORS;Average gross earnings;A;Normal value
2403040111IND02;RS;REPUBLIC OF SERBIA;08;2024;2;Salaries and wages of employees in temporary and occasional employment;83787;RSD;RSD;SORS;Average gross earnings;A;Normal value
2403040111IND02;RS;REPUBLIC OF SERBIA;08;2025;0;Total;148044;RSD;RSD;SORS;Average gross earnings;A;Normal value
2403040111IND02;RS;REPUBLIC OF SERBIA;08;2025;1;Salaries and wages of employees with indefinite or fixed-term employment contract;148631;RSD;RSD;SORS;Average gross earnings;A;Normal value
2403040111IND02;RS;REPUBLIC OF SERBIA;08;2025;2;Salaries and wages of employees in temporary and occasional employment;92564;RSD;RSD;SORS;Average gross earnings;A;Normal value
2403040111IND02;RS;REPUBLIC OF SERBIA;09;2018;0;Total;68032;RSD;RSD;SORS;Average gross earnings;A;Normal value
2403040111IND02;RS;REPUBLIC OF SERBIA;09;2018;1;Salaries and wages of employees with indefinite or fixed-term employment contract;68458;RSD;RSD;SORS;Average gross earnings;A;Normal value
2403040111IND02;RS;REPUBLIC OF SERBIA;09;2018;2;Salaries and wages of employees in temporary and occasional employment;46282;RSD;RSD;SORS;Average gross earnings;A;Normal value
2403040111IND02;RS;REPUBLIC OF SERBIA;09;2019;0;Total;74819;RSD;RSD;SORS;Average gross earnings;A;Normal value
2403040111IND02;RS;REPUBLIC OF SERBIA;09;2019;1;Salaries and wages of employees with indefinite or fixed-term employment contract;75269;RSD;RSD;SORS;Average gross earnings;A;Normal value
2403040111IND02;RS;REPUBLIC OF SERBIA;09;2019;2;Salaries and wages of employees in temporary and occasional employment;50008;RSD;RSD;SORS;Average gross earnings;A;Normal value
2403040111IND02;RS;REPUBLIC OF SERBIA;09;2020;0;Total;81936;RSD;RSD;SORS;Average gross earnings;A;Normal value
2403040111IND02;RS;REPUBLIC OF SERBIA;09;2020;1;Salaries and wages of employees with indefinite or fixed-term employment contract;82332;RSD;RSD;SORS;Average gross earnings;A;Normal value
2403040111IND02;RS;REPUBLIC OF SERBIA;09;2020;2;Salaries and wages of employees in temporary and occasional employment;54057;RSD;RSD;SORS;Average gross earnings;A;Normal value
2403040111IND02;RS;REPUBLIC OF SERBIA;09;2021;0;Total;88947;RSD;RSD;SORS;Average gross earnings;A;Normal value
2403040111IND02;RS;REPUBLIC OF SERBIA;09;2021;1;Salaries and wages of employees with indefinite or fixed-term employment contract;89340;RSD;RSD;SORS;Average gross earnings;A;Normal value
2403040111IND02;RS;REPUBLIC OF SERBIA;09;2021;2;Salaries and wages of employees in temporary and occasional employment;58504;RSD;RSD;SORS;Average gross earnings;A;Normal value
2403040111IND02;RS;REPUBLIC OF SERBIA;09;2022;0;Total;101355;RSD;RSD;SORS;Average gross earnings;A;Normal value
2403040111IND02;RS;REPUBLIC OF SERBIA;09;2022;1;Salaries and wages of employees with indefinite or fixed-term employment contract;101843;RSD;RSD;SORS;Average gross earnings;A;Normal value
2403040111IND02;RS;REPUBLIC OF SERBIA;09;2022;2;Salaries and wages of employees in temporary and occasional employment;62789;RSD;RSD;SORS;Average gross earnings;A;Normal value
2403040111IND02;RS;REPUBLIC OF SERBIA;09;2023;0;Total;116541;RSD;RSD;SORS;Average gross earnings;A;Normal value
2403040111IND02;RS;REPUBLIC OF SERBIA;09;2023;1;Salaries and wages of employees with indefinite or fixed-term employment contract;117057;RSD;RSD;SORS;Average gross earnings;A;Normal value
2403040111IND02;RS;REPUBLIC OF SERBIA;09;2023;2;Salaries and wages of employees in temporary and occasional employment;71770;RSD;RSD;SORS;Average gross earnings;A;Normal value
2403040111IND02;RS;REPUBLIC OF SERBIA;09;2024;0;Total;133471;RSD;RSD;SORS;Average gross earnings;A;Normal value
2403040111IND02;RS;REPUBLIC OF SERBIA;09;2024;1;Salaries and wages of employees with indefinite or fixed-term employment contract;134016;RSD;RSD;SORS;Average gross earnings;A;Normal value
2403040111IND02;RS;REPUBLIC OF SERBIA;09;2024;2;Salaries and wages of employees in temporary and occasional employment;83775;RSD;RSD;SORS;Average gross earnings;A;Normal value
2403040111IND02;RS;REPUBLIC OF SERBIA;09;2025;0;Total;148366;RSD;RSD;SORS;Average gross earnings;A;Normal value
2403040111IND02;RS;REPUBLIC OF SERBIA;09;2025;1;Salaries and wages of employees with indefinite or fixed-term employment contract;148958;RSD;RSD;SORS;Average gross earnings;A;Normal value
2403040111IND02;RS;REPUBLIC OF SERBIA;09;2025;2;Salaries and wages of employees in temporary and occasional employment;92814;RSD;RSD;SORS;Average gross earnings;A;Normal value
2403040111IND02;RS;REPUBLIC OF SERBIA;10;2018;0;Total;68132;RSD;RSD;SORS;Average gross earnings;A;Normal value
2403040111IND02;RS;REPUBLIC OF SERBIA;10;2018;1;Salaries and wages of employees with indefinite or fixed-term employment contract;68561;RSD;RSD;SORS;Average gross earnings;A;Normal value
2403040111IND02;RS;REPUBLIC OF SERBIA;10;2018;2;Salaries and wages of employees in temporary and occasional employment;46453;RSD;RSD;SORS;Average gross earnings;A;Normal value
2403040111IND02;RS;REPUBLIC OF SERBIA;10;2019;0;Total;74948;RSD;RSD;SORS;Average gross earnings;A;Normal value
2403040111IND02;RS;REPUBLIC OF SERBIA;10;2019;1;Salaries and wages of employees with indefinite or fixed-term employment contract;75398;RSD;RSD;SORS;Average gross earnings;A;Normal value
2403040111IND02;RS;REPUBLIC OF SERBIA;10;2019;2;Salaries and wages of employees in temporary and occasional employment;50264;RSD;RSD;SORS;Average gross earnings;A;Normal value
2403040111IND02;RS;REPUBLIC OF SERBIA;10;2020;0;Total;82056;RSD;RSD;SORS;Average gross earnings;A;Normal value
2403040111IND02;RS;REPUBLIC OF SERBIA;10;2020;1;Salaries and wages of employees with indefinite or fixed-term employment contract;82455;RSD;RSD;SORS;Average gross earnings;A;Normal value
2403040111IND02;RS;REPUBLIC OF SERBIA;10;2020;2;Salaries and wages of employees in temporary and occasional employment;54091;RSD;RSD;SORS;Average gross earnings;A;Normal value
2403040111IND02;RS;REPUBLIC OF SERBIA;10;2021;0;Total;89169;RSD;RSD;SORS;Average gross earnings;A;Normal value
2403040111IND02;RS;REPUBLIC OF SERBIA;10;2021;1;Salaries and wages of employees with indefinite or fixed-term employment contract;89569;RSD;RSD;SORS;Average gross earnings;A;Normal value
2403040111IND02;RS;REPUBLIC OF SERBIA;10;2021;2;Salaries and wages of employees in temporary and occasional employment;58432;RSD;RSD;SORS;Average gross earnings;A;Normal value
2403040111IND02;RS;REPUBLIC OF SERBIA;10;2022;0;Total;101627;RSD;RSD;SORS;Average gross earnings;A;Normal value
2403040111IND02;RS;REPUBLIC OF SERBIA;10;2022;1;Salaries and wages of employees with indefinite or fixed-term employment contract;102116;RSD;RSD;SORS;Average gross earnings;A;Normal value
2403040111IND02;RS;REPUBLIC OF SERBIA;10;2022;2;Salaries and wages of employees in temporary and occasional employment;64418;RSD;RSD;SORS;Average gross earnings;A;Normal value
2403040111IND02;RS;REPUBLIC OF SERBIA;10;2023;0;Total;116868;RSD;RSD;SORS;Average gross earnings;A;Normal value
2403040111IND02;RS;REPUBLIC OF SERBIA;10;2023;1;Salaries and wages of employees with indefinite or fixed-term employment contract;117390;RSD;RSD;SORS;Average gross earnings;A;Normal value
2403040111IND02;RS;REPUBLIC OF SERBIA;10;2023;2;Salaries and wages of employees in temporary and occasional employment;72164;RSD;RSD;SORS;Average gross earnings;A;Normal value
2403040111IND02;RS;REPUBLIC OF SERBIA;10;2024;0;Total;133742;RSD;RSD;SORS;Average gross earnings;A;Normal value
2403040111IND02;RS;REPUBLIC OF SERBIA;10;2024;1;Salaries and wages of employees with indefinite or fixed-term employment contract;134287;RSD;RSD;SORS;Average gross earnings;A;Normal value
2403040111IND02;RS;REPUBLIC OF SERBIA;10;2024;2;Salaries and wages of employees in temporary and occasional employment;84235;RSD;RSD;SORS;Average gross earnings;A;Normal value
2403040111IND02;RS;REPUBLIC OF SERBIA;10;2025;0;Total;148844;RSD;RSD;SORS;Average gross earnings;A;Normal value
2403040111IND02;RS;REPUBLIC OF SERBIA;10;2025;1;Salaries and wages of employees with indefinite or fixed-term employment contract;149434;RSD;RSD;SORS;Average gross earnings;A;Normal value
2403040111IND02;RS;REPUBLIC OF SERBIA;10;2025;2;Salaries and wages of employees in temporary and occasional employment;93606;RSD;RSD;SORS;Average gross earnings;A;Normal value
2403040111IND02;RS;REPUBLIC OF SERBIA;11;2018;0;Total;68300;RSD;RSD;SORS;Average gross earnings;A;Normal value
2403040111IND02;RS;REPUBLIC OF SERBIA;11;2018;1;Salaries and wages of employees with indefinite or fixed-term employment contract;68731;RSD;RSD;SORS;Average gross earnings;A;Normal value
2403040111IND02;RS;REPUBLIC OF SERBIA;11;2018;2;Salaries and wages of employees in temporary and occasional employment;46541;RSD;RSD;SORS;Average gross earnings;A;Normal value
2403040111IND02;RS;REPUBLIC OF SERBIA;11;2019;0;Total;75218;RSD;RSD;SORS;Average gross earnings;A;Normal value
2403040111IND02;RS;REPUBLIC OF SERBIA;11;2019;1;Salaries and wages of employees with indefinite or fixed-term employment contract;75671;RSD;RSD;SORS;Average gross earnings;A;Normal value
2403040111IND02;RS;REPUBLIC OF SERBIA;11;2019;2;Salaries and wages of employees in temporary and occasional employment;50270;RSD;RSD;SORS;Average gross earnings;A;Normal value
2403040111IND02;RS;REPUBLIC OF SERBIA;11;2020;0;Total;82255;RSD;RSD;SORS;Average gross earnings;A;Normal value
2403040111IND02;RS;REPUBLIC OF SERBIA;11;2020;1;Salaries and wages of employees with indefinite or fixed-term employment contract;82653;RSD;RSD;SORS;Average gross earnings;A;Normal value
2403040111IND02;RS;REPUBLIC OF SERBIA;11;2020;2;Salaries and wages of employees in temporary and occasional employment;54167;RSD;RSD;SORS;Average gross earnings;A;Normal value
2403040111IND02;RS;REPUBLIC OF SERBIA;11;2021;0;Total;89734;RSD;RSD;SORS;Average gross earnings;A;Normal value
2403040111IND02;RS;REPUBLIC OF SERBIA;11;2021;1;Salaries and wages of employees with indefinite or fixed-term employment contract;90141;RSD;RSD;SORS;Average gross earnings;A;Normal value
2403040111IND02;RS;REPUBLIC OF SERBIA;11;2021;2;Salaries and wages of employees in temporary and occasional employment;58600;RSD;RSD;SORS;Average gross earnings;A;Normal value
2403040111IND02;RS;REPUBLIC OF SERBIA;11;2022;0;Total;102213;RSD;RSD;SORS;Average gross earnings;A;Normal value
2403040111IND02;RS;REPUBLIC OF SERBIA;11;2022;1;Salaries and wages of employees with indefinite or fixed-term employment contract;102703;RSD;RSD;SORS;Average gross earnings;A;Normal value
2403040111IND02;RS;REPUBLIC OF SERBIA;11;2022;2;Salaries and wages of employees in temporary and occasional employment;64627;RSD;RSD;SORS;Average gross earnings;A;Normal value
2403040111IND02;RS;REPUBLIC OF SERBIA;11;2023;0;Total;117518;RSD;RSD;SORS;Average gross earnings;A;Normal value
2403040111IND02;RS;REPUBLIC OF SERBIA;11;2023;1;Salaries and wages of employees with indefinite or fixed-term employment contract;118046;RSD;RSD;SORS;Average gross earnings;A;Normal value
2403040111IND02;RS;REPUBLIC OF SERBIA;11;2023;2;Salaries and wages of employees in temporary and occasional employment;72562;RSD;RSD;SORS;Average gross earnings;A;Normal value
2403040111IND02;RS;REPUBLIC OF SERBIA;11;2024;0;Total;134214;RSD;RSD;SORS;Average gross earnings;A;Normal value
2403040111IND02;RS;REPUBLIC OF SERBIA;11;2024;1;Salaries and wages of employees with indefinite or fixed-term employment contract;134763;RSD;RSD;SORS;Average gross earnings;A;Normal value
2403040111IND02;RS;REPUBLIC OF SERBIA;11;2024;2;Salaries and wages of employees in temporary and occasional employment;84360;RSD;RSD;SORS;Average gross earnings;A;Normal value
2403040111IND02;RS;REPUBLIC OF SERBIA;11;2025;0;Total;149382;RSD;RSD;SORS;Average gross earnings;A;Normal value
2403040111IND02;RS;REPUBLIC OF SERBIA;11;2025;1;Salaries and wages of employees with indefinite or fixed-term employment contract;149977;RSD;RSD;SORS;Average gross earnings;A;Normal value
2403040111IND02;RS;REPUBLIC OF SERBIA;11;2025;2;Salaries and wages of employees in temporary and occasional employment;93754;RSD;RSD;SORS;Average gross earnings;A;Normal value
2403040111IND02;RS;REPUBLIC OF SERBIA;12;2018;0;Total;68629;RSD;RSD;SORS;Average gross earnings;A;Normal value
2403040111IND02;RS;REPUBLIC OF SERBIA;12;2018;1;Salaries and wages of employees with indefinite or fixed-term employment contract;69057;RSD;RSD;SORS;Average gross earnings;A;Normal value
2403040111IND02;RS;REPUBLIC OF SERBIA;12;2018;2;Salaries and wages of employees in temporary and occasional employment;46893;RSD;RSD;SORS;Average gross earnings;A;Normal value
2403040111IND02;RS;REPUBLIC OF SERBIA;12;2019;0;Total;75814;RSD;RSD;SORS;Average gross earnings;A;Normal value
2403040111IND02;RS;REPUBLIC OF SERBIA;12;2019;1;Salaries and wages of employees with indefinite or fixed-term employment contract;76269;RSD;RSD;SORS;Average gross earnings;A;Normal value
2403040111IND02;RS;REPUBLIC OF SERBIA;12;2019;2;Salaries and wages of employees in temporary and occasional employment;50562;RSD;RSD;SORS;Average gross earnings;A;Normal value
2403040111IND02;RS;REPUBLIC OF SERBIA;12;2020;0;Total;82984;RSD;RSD;SORS;Average gross earnings;A;Normal value
2403040111IND02;RS;REPUBLIC OF SERBIA;12;2020;1;Salaries and wages of employees with indefinite or fixed-term employment contract;83384;RSD;RSD;SORS;Average gross earnings;A;Normal value
2403040111IND02;RS;REPUBLIC OF SERBIA;12;2020;2;Salaries and wages of employees in temporary and occasional employment;54489;RSD;RSD;SORS;Average gross earnings;A;Normal value
2403040111IND02;RS;REPUBLIC OF SERBIA;12;2021;0;Total;90784;RSD;RSD;SORS;Average gross earnings;A;Normal value
2403040111IND02;RS;REPUBLIC OF SERBIA;12;2021;1;Salaries and wages of employees with indefinite or fixed-term employment contract;91198;RSD;RSD;SORS;Average gross earnings;A;Normal value
2403040111IND02;RS;REPUBLIC OF SERBIA;12;2021;2;Salaries and wages of employees in temporary and occasional employment;59018;RSD;RSD;SORS;Average gross earnings;A;Normal value
2403040111IND02;RS;REPUBLIC OF SERBIA;12;2022;0;Total;103316;RSD;RSD;SORS;Average gross earnings;A;Normal value
2403040111IND02;RS;REPUBLIC OF SERBIA;12;2022;1;Salaries and wages of employees with indefinite or fixed-term employment contract;103811;RSD;RSD;SORS;Average gross earnings;A;Normal value
2403040111IND02;RS;REPUBLIC OF SERBIA;12;2022;2;Salaries and wages of employees in temporary and occasional employment;64936;RSD;RSD;SORS;Average gross earnings;A;Normal value
2403040111IND02;RS;REPUBLIC OF SERBIA;12;2023;0;Total;118599;RSD;RSD;SORS;Average gross earnings;A;Normal value
2403040111IND02;RS;REPUBLIC OF SERBIA;12;2023;1;Salaries and wages of employees with indefinite or fixed-term employment contract;119135;RSD;RSD;SORS;Average gross earnings;A;Normal value
2403040111IND02;RS;REPUBLIC OF SERBIA;12;2023;2;Salaries and wages of employees in temporary and occasional employment;72946;RSD;RSD;SORS;Average gross earnings;A;Normal value
2403040111IND02;RS;REPUBLIC OF SERBIA;12;2024;0;Total;135403;RSD;RSD;SORS;Average gross earnings;A;Normal value
2403040111IND02;RS;REPUBLIC OF SERBIA;12;2024;1;Salaries and wages of employees with indefinite or fixed-term employment contract;135961;RSD;RSD;SORS;Average gross earnings;A;Normal value
2403040111IND02;RS;REPUBLIC OF SERBIA;12;2024;2;Salaries and wages of employees in temporary and occasional employment;84738;RSD;RSD;SORS;Average gross earnings;A;Normal value
2403040111IND02;RS;REPUBLIC OF SERBIA;12;2025;0;Total;151086;RSD;RSD;SORS;Average gross earnings;A;Normal value
2403040111IND02;RS;REPUBLIC OF SERBIA;12;2025;1;Salaries and wages of employees with indefinite or fixed-term employment contract;151692;RSD;RSD;SORS;Average gross earnings;A;Normal value
2403040111IND02;RS;REPUBLIC OF SERBIA;12;2025;2;Salaries and wages of employees in temporary and occasional employment;94567;RSD;RSD;SORS;Average gross earnings;A;Normal value
